Workbook

Sheet Задание
A1: ЗАДАНИЕ на семинар
A3: 1 | B3: Дать оценку сведений о добыче нефти в РФ, 2008-2019 гг.
A4: 1.1 | B4: Распределение добычи нефти по категориям производителей, по годам
B5: перевести в млн. баррелей
B6: перевести в млн. б.н.э
B7: осуществить сопоставление в абсолютном выражении
B8: по годам (цепные)
B9: сравнение с ВИНК
B10: осуществить сопоставление в относительном выражении
B11: по годам (ОВД: цепной, 2010=0)
B12: между категориями производителей (ОВС, ОВК)
A13: 1.2 | B13: Распределение добычи нефти по регионам, по годам
B14: осуществить сопоставление в абсолютном выражении
B15: по годам
B16: сравнение с Европейской частью
B17: осуществить сопоставление в относительном выражении
B18: по годам (ОВД: цепной, 2014=0)
B19: между регионами (ОВС, ОВК)
A20: 1.3 | B20: Добыча нефти по новым источникам добычи, по годам
A21: 1.4 | B21: Основные сведения о фонде скважин, осуществляющих добычу нефти, по годам
A22: 1.5 | B22: Запасы углеводородов (доказанные) на 30.12.2019 и 30.12.2020, млн. б.н.э
B23: минимум 10 компаний
B24: осуществить сопоставление в абсолютном выражении
B25: сравнение с одной из ВИНК (на выбор студента с учетом обоснования)
B26: осуществить сопоставление в относительном выражении
B27: между компаниями (какая относительная величина)?
B28: относительно запасов нефти в РФ (какая относительная величина)?
A29: 1.6 | B29: Международное сопоставление по суммарным уровням добычи нефти
B30: осуществить международной сопоставление по суммарным уровням добычи нефти (минимум 10 стран, в том числе РФ)
A31: 1.7 | B31: Данные по категориям производителей нефти по итогам 2018 года
A32: 1.8 | B32: Данные по нефтегазовым компаниям по итогам 2018 года
B34: Построить таблицы (MS Excel)
B35: Подготовить аналитическую записку о добыче нефти в РФ на основе представленных данных – Сделать выводы (MS Word)

Sheet 1.1
A1: Распределение добычи нефти по категориям производителей, по годам, млн. т
A3: Показатель | C3: 2008 | D3: 2009 | E3: 2010 | F3: 2011 | G3: 2012 | H3: 2013 | I3: 2014 | J3: 2015 | K3: 2016 | L3: 2017 | M3: 2018 | N3: 2019 | O3: Среднее значение за 2008-2019 годы | P3: Xмин | Q3: Хмакс | R3: Размах вариации, R | S3: Медиана, Ме | T3: Q1 | U3: Q3 | V3: Межквартильный размах, IQR | W3: Среднее линйеное (абсолютное) отклонение, L | X3: Дисперсия | Y3: Среднеквадратическое отклонение, СКО | Z3: Коэффициент осциляции (VR), % | AA3: Коэффициент линейного отклонения (VL), % | AB3: Коэффициент вариации (V), %
A4: А | B4: Б | C4: 1 | D4: 2 | E4: 3 | F4: 4 | G4: 5 | H4: 6 | I4: 7 | J4: 8 | K4: 9 | L4: 10 | M4: 11 | N4: 12 | O4: 13 | P4: 14 | Q4: 15 | R4: 16 | S4: 17 | T4: 18 | U4: 19 | V4: 20 | W4: 21 | X4: 22 | Y4: 23 | Z4: 24 | AA4: 25 | AB4: 26
A5: Добыча нефти (всего) | B5: 1 | C5: 488.6 | D5: 494.3 | E5: 505.2 | F5: 511.4 | G5: 518.1 | H5: 523.4 | I5: 526.8 | J5: 534.3 | K5: 547.6 | L5: 546.8 | M5: 556 | N5: 561.2 | O5: =AVERAGE(C5:N5) -> 526.14167 | P5: =QUARTILE(C5:N5,0) -> 488.6 | Q5: =QUARTILE(C5:N5, 4) -> 561.2 | R5: =Q5-P5 -> 72.6 | S5: =QUARTILE(C5:N5,2) -> 525.1 | T5: =QUARTILE(C5:N5,1) -> 509.85 | U5: =QUARTILE(C5:N5,3) -> 547 | V5: 525,1 (Q1-Q3: 509,9-547,0) | W5: =SUM(E15:E26)/COUNTA(C5:N5) -> 19.308333 | X5: =SUM(F15:F26)/COUNTA(C5:N5) -> 518.84576 | Y5: =SQRT(X5) -> 22.778186 | Z5: =R5/O5*100 -> 13.798565 | AA5: =W5/O5*100 -> 3.6697974 | AB5: =Y5/O5*100 -> 4.3292876
A6: Добыча нефти ВИНК (включая ПАО ГАЗПРОМ) | B6: 2 | C6: 436.4 | D6: 439.4 | E6: 450.7 | F6: 453.9 | G6: 460.4 | H6: 464.4 | I6: 464.5 | J6: 464.8 | K6: 472.3 | L6: 468.6 | M6: 473.7 | N6: 475.5 | O6: =AVERAGE(C6:N6) -> 460.38333 | P6: =QUARTILE(C6:N6,0) -> 436.4 | Q6: =QUARTILE(C6:N6, 4) -> 475.5 | R6: =Q6-P6 -> 39.1 | S6: =QUARTILE(C6:N6,2) -> 464.45 | T6: =QUARTILE(C6:N6,1) -> 453.1 | U6: =QUARTILE(C6:N6,3) -> 469.525 | V6: 464,5 (Q1-Q3: 453,1-469,5) | W6: =SUM(E35:E46)/COUNTA(C6:N6) -> 10.188889 | X6: =SUM(F35:F46)/COUNTA(C6:N6) -> 151.60472 | Y6: =SQRT(X6) -> 12.312787 | Z6: =R6/O6*100 -> 8.4929226 | AA6: =W6/O6*100 -> 2.2131316 | AB6: =Y6/O6*100 -> 2.6744641
A7: Добыча нефти независимыми производителями | B7: 3 | C7: 40.2 | D7: 40.1 | E7: 40.1 | F7: 42.4 | G7: 43.5 | H7: 45.1 | I7: 47.9 | J7: 54.6 | K7: 59.3 | L7: 61.7 | M7: 63.5 | N7: 66.2 | O7: =AVERAGE(C7:N7) -> 50.383333 | P7: =QUARTILE(C7:N7,0) -> 40.1 | Q7: =QUARTILE(C7:N7, 4) -> 66.2 | R7: =Q7-P7 -> 26.1 | S7: =QUARTILE(C7:N7,2) -> 46.5 | T7: =QUARTILE(C7:N7,1) -> 41.85 | U7: =QUARTILE(C7:N7,3) -> 59.9 | V7: 46,5 (Q1-Q3: 41,9-59,9) | W7: =SUM(E55:E66)/COUNTA(C7:N7) -> 8.8972222 | X7: =SUM(F55:F66)/COUNTA(C7:N7) -> 92.329722 | Y7: =SQRT(X7) -> 9.6088356 | Z7: =R7/O7*100 -> 51.802845 | AA7: =W7/O7*100 -> 17.659058 | AB7: =Y7/O7*100 -> 19.071457
A8: Добыча нефти операторами СРП | B8: 4 | C8: 12 | D8: 14.8 | E8: 14.4 | F8: 15.1 | G8: 14.1 | H8: 14 | I8: 14.4 | J8: 15 | K8: 16 | L8: 16.5 | M8: 18.7 | N8: 19.4 | O8: =AVERAGE(C8:N8) -> 15.366667 | P8: =QUARTILE(C8:N8,0) -> 12 | Q8: =QUARTILE(C8:N8, 4) -> 19.4 | R8: =Q8-P8 -> 7.4 | S8: =QUARTILE(C8:N8,2) -> 14.9 | T8: =QUARTILE(C8:N8,1) -> 14.325 | U8: =QUARTILE(C8:N8,3) -> 16.125 | V8: 14,9 (Q1-Q3: 14,3-16,1) | W8: =SUM(E75:E86)/COUNTA(C8:N8) -> 1.5222222 | X8: =SUM(F75:F86)/COUNTA(C8:N8) -> 3.8555556 | Y8: =SQRT(X8) -> 1.9635569 | Z8: =R8/O8*100 -> 48.156182 | AA8: =W8/O8*100 -> 9.9060014 | AB8: =Y8/O8*100 -> 12.778027
A10: Источник: данные ЦДУ ТЭК.
A12: Расчетные значения добычи нефти (всего), млн.т
A13: Показатель | C13: Добыча нефти | D13: Х-Хср | E13: |Х-Хср| | F13: (Х-Хср)2 | G13: Сравнение с предущим периодом, % | H13: Х1-Хср | I13: |Х1-Хср| | J13: (Х1-Хср)2
A14: А | B14: Б | C14: В | D14: 1 | E14: 2 | F14: 3 | G14: 4 | H14: 5 | I14: 6 | J14: 7
A15: {=TRANSPOSE(C3:N3)} -> 2008 | B15: 1 | C15: {=TRANSPOSE(C5:N5)} -> 488.6 | D15: =C15-$C$27 -> -37.541667 | E15: =ABS(D15) -> 37.541667 | F15: =POWER(D15, 2) -> 1409.3767 | G15: - | H15: - | I15: - | J15: -
A16: 2009 | B16: 2 | C16: 494.3 | D16: =C16-$C$27 -> -31.841667 | E16: =ABS(D16) -> 31.841667 | F16: =POWER(D16, 2) -> 1013.8917 | G16: =(C16/C15)*100 -> 101.1666 | H16: =G16-$G$27 -> -0.10075793 | I16: =ABS(H16) -> 0.10075793 | J16: =POWER(I16, 2) -> 0.010152161
A17: 2010 | B17: 3 | C17: 505.2 | D17: =C17-$C$27 -> -20.941667 | E17: =ABS(D17) -> 20.941667 | F17: =POWER(D17, 2) -> 438.5534 | G17: =(C17/C16)*100 -> 102.20514 | H17: =G17-$G$27 -> 0.9377822 | I17: =ABS(H17) -> 0.9377822 | J17: =POWER(I17, 2) -> 0.87943546
A18: 2011 | B18: 4 | C18: 511.4 | D18: =C18-$C$27 -> -14.741667 | E18: =ABS(D18) -> 14.741667 | F18: =POWER(D18, 2) -> 217.31674 | G18: =(C18/C17)*100 -> 101.22724 | H18: =G18-$G$27 -> -0.040119639 | I18: =ABS(H18) -> 0.040119639 | J18: =POWER(I18, 2) -> 0.0016095854
A19: 2012 | B19: 5 | C19: 518.1 | D19: =C19-$C$27 -> -8.0416667 | E19: =ABS(D19) -> 8.0416667 | F19: =POWER(D19, 2) -> 64.668403 | G19: =(C19/C18)*100 -> 101.31013 | H19: =G19-$G$27 -> 0.042772681 | I19: =ABS(H19) -> 0.042772681 | J19: =POWER(I19, 2) -> 0.0018295022
A20: 2013 | B20: 6 | C20: 523.4 | D20: =C20-$C$27 -> -2.7416667 | E20: =ABS(D20) -> 2.7416667 | F20: =POWER(D20, 2) -> 7.5167361 | G20: =(C20/C19)*100 -> 101.02297 | H20: =G20-$G$27 -> -0.24438784 | I20: =ABS(H20) -> 0.24438784 | J20: =POWER(I20, 2) -> 0.059725415
A21: 2014 | B21: 7 | C21: 526.8 | D21: =C21-$C$27 -> 0.65833333 | E21: =ABS(D21) -> 0.65833333 | F21: =POWER(D21, 2) -> 0.43340278 | G21: =(C21/C20)*100 -> 100.6496 | H21: =G21-$G$27 -> -0.6177576 | I21: =ABS(H21) -> 0.6177576 | J21: =POWER(I21, 2) -> 0.38162445
A22: 2015 | B22: 8 | C22: 534.3 | D22: =C22-$C$27 -> 8.1583333 | E22: =ABS(D22) -> 8.1583333 | F22: =POWER(D22, 2) -> 66.558403 | G22: =(C22/C21)*100 -> 101.42369 | H22: =G22-$G$27 -> 0.15633383 | I22: =ABS(H22) -> 0.15633383 | J22: =POWER(I22, 2) -> 0.024440266
A23: 2016 | B23: 9 | C23: 547.6 | D23: =C23-$C$27 -> 21.458333 | E23: =ABS(D23) -> 21.458333 | F23: =POWER(D23, 2) -> 460.46007 | G23: =(C23/C22)*100 -> 102.48924 | H23: =G23-$G$27 -> 1.2218819 | I23: =ABS(H23) -> 1.2218819 | J23: =POWER(I23, 2) -> 1.4929953
A24: 2017 | B24: 10 | C24: 546.8 | D24: =C24-$C$27 -> 20.658333 | E24: =ABS(D24) -> 20.658333 | F24: =POWER(D24, 2) -> 426.76674 | G24: =(C24/C23)*100 -> 99.853908 | H24: =G24-$G$27 -> -1.4134484 | I24: =ABS(H24) -> 1.4134484 | J24: =POWER(I24, 2) -> 1.9978364
A25: 2018 | B25: 11 | C25: 556 | D25: =C25-$C$27 -> 29.858333 | E25: =ABS(D25) -> 29.858333 | F25: =POWER(D25, 2) -> 891.52007 | G25: =(C25/C24)*100 -> 101.68252 | H25: =G25-$G$27 -> 0.41516008 | I25: =ABS(H25) -> 0.41516008 | J25: =POWER(I25, 2) -> 0.17235789
A26: 2019 | B26: 12 | C26: 561.2 | D26: =C26-$C$27 -> 35.058333 | E26: =ABS(D26) -> 35.058333 | F26: =POWER(D26, 2) -> 1229.0867 | G26: =(C26/C25)*100 -> 100.93525 | H26: =G26-$G$27 -> -0.33210458 | I26: =ABS(H26) -> 0.33210458 | J26: =POWER(I26, 2) -> 0.11029345
A27: Среднее значение | B27: 13 | C27: =AVERAGE(C15:C26) -> 526.14167 | D27: - | E27: - | F27: - | G27: =POWER(PRODUCT(G16:G26), 1/COUNTA(G16:G26)) -> 101.26736 | H27: - | I27: - | J27: -
A29: Источник: расчет автора на основе данных ЦДУ ТЭК.
A32: Расчетные значения добычи нефти ВИНК (включая ПАО ГАЗПРОМ), млн.т
A33: Показатель | C33: Добыча нефти | D33: Х-Хср | E33: |Х-Хср| | F33: (Х-Хср)2 | G33: Сравнение с предущим периодом, % | H33: Х1-Хср, % | I33: |Х1-Хср|, % | J33: (Х1-Хср)2, % | K33: Удельный вес в общем объёме, % | L33: Х-Хср, % | M33: |Х-Хср|, % | N33: (Х-Хср)2, %
A34: А | B34: Б | C34: В | D34: 1 | E34: 2 | F34: 3 | G34: 4 | H34: 5 | I34: 6 | J34: 7 | K34: 8 | L34: 1 | M34: 2 | N34: 3
A35: {=TRANSPOSE(C3:N3)} -> 2008 | B35: 1 | C35: {=TRANSPOSE(C6:N6)} -> 436.4 | D35: =C35-$C$47 -> -23.983333 | E35: =ABS(D35) -> 23.983333 | F35: =POWER(D35, 2) -> 575.20028 | G35: - | H35: - | I35: - | J35: - | K35: =C35/C15*100 -> 89.316414 | L35: =K35-$K$47 -> 1.7489185 | M35: =ABS(L35) -> 1.7489185 | N35: =POWER(L35, 2) -> 3.058716
A36: 2009 | B36: 2 | C36: 439.4 | D36: =C36-$C$47 -> -20.983333 | E36: =ABS(D36) -> 20.983333 | F36: =POWER(D36, 2) -> 440.30028 | G36: =(C36/C35)*100 -> 100.68744 | H36: =G36-$G$47 -> -0.0956771 | I36: =ABS(H36) -> 0.0956771 | J36: =POWER(I36, 2) -> 0.0091541075 | K36: =C36/C16*100 -> 88.893385 | L36: =K36-$K$47 -> 1.3258889 | M36: =ABS(L36) -> 1.3258889 | N36: =POWER(L36, 2) -> 1.7579813
A37: 2010 | B37: 3 | C37: 450.7 | D37: =C37-$C$47 -> -9.6833333 | E37: =ABS(D37) -> 9.6833333 | F37: =POWER(D37, 2) -> 93.766944 | G37: =(C37/C36)*100 -> 102.57169 | H37: =G37-$G$47 -> 1.7885689 | I37: =ABS(H37) -> 1.7885689 | J37: =POWER(I37, 2) -> 3.1989785 | K37: =C37/C17*100 -> 89.212193 | L37: =K37-$K$47 -> 1.6446975 | M37: =ABS(L37) -> 1.6446975 | N37: =POWER(L37, 2) -> 2.7050298
A38: 2011 | B38: 4 | C38: 453.9 | D38: =C38-$C$47 -> -6.4833333 | E38: =ABS(D38) -> 6.4833333 | F38: =POWER(D38, 2) -> 42.033611 | G38: =(C38/C37)*100 -> 100.71001 | H38: =G38-$G$47 -> -0.073113157 | I38: =ABS(H38) -> 0.073113157 | J38: =POWER(I38, 2) -> 0.0053455337 | K38: =C38/C18*100 -> 88.756355 | L38: =K38-$K$47 -> 1.1888594 | M38: =ABS(L38) -> 1.1888594 | N38: =POWER(L38, 2) -> 1.4133866
A39: 2012 | B39: 5 | C39: 460.4 | D39: =C39-$C$47 -> 0.016666667 | E39: =ABS(D39) -> 0.016666667 | F39: =POWER(D39, 2) -> 0.00027777778 | G39: =(C39/C38)*100 -> 101.43203 | H39: =G39-$G$47 -> 0.64891367 | I39: =ABS(H39) -> 0.64891367 | J39: =POWER(I39, 2) -> 0.42108896 | K39: =C39/C19*100 -> 88.863154 | L39: =K39-$K$47 -> 1.2956581 | M39: =ABS(L39) -> 1.2956581 | N39: =POWER(L39, 2) -> 1.67873
A40: 2013 | B40: 6 | C40: 464.4 | D40: =C40-$C$47 -> 4.0166667 | E40: =ABS(D40) -> 4.0166667 | F40: =POWER(D40, 2) -> 16.133611 | G40: =(C40/C39)*100 -> 100.86881 | H40: =G40-$G$47 -> 0.085689917 | I40: =ABS(H40) -> 0.085689917 | J40: =POWER(I40, 2) -> 0.0073427619 | K40: =C40/C20*100 -> 88.727551 | L40: =K40-$K$47 -> 1.1600549 | M40: =ABS(L40) -> 1.1600549 | N40: =POWER(L40, 2) -> 1.3457274
A41: 2014 | B41: 7 | C41: 464.5 | D41: =C41-$C$47 -> 4.1166667 | E41: =ABS(D41) -> 4.1166667 | F41: =POWER(D41, 2) -> 16.946944 | G41: =(C41/C40)*100 -> 100.02153 | H41: =G41-$G$47 -> -0.76158665 | I41: =ABS(H41) -> 0.76158665 | J41: =POWER(I41, 2) -> 0.58001423 | K41: =C41/C21*100 -> 88.17388 | L41: =K41-$K$47 -> 0.60638431 | M41: =ABS(L41) -> 0.60638431 | N41: =POWER(L41, 2) -> 0.36770194
A42: 2015 | B42: 8 | C42: 464.8 | D42: =C42-$C$47 -> 4.4166667 | E42: =ABS(D42) -> 4.4166667 | F42: =POWER(D42, 2) -> 19.506944 | G42: =(C42/C41)*100 -> 100.06459 | H42: =G42-$G$47 -> -0.71853424 | I42: =ABS(H42) -> 0.71853424 | J42: =POWER(I42, 2) -> 0.51629145 | K42: =C42/C22*100 -> 86.992326 | L42: =K42-$K$47 -> -0.57516931 | M42: =ABS(L42) -> 0.57516931 | N42: =POWER(L42, 2) -> 0.33081973
A43: 2016 | B43: 9 | C43: 472.3 | D43: =C43-$C$47 -> 11.916667 | E43: =ABS(D43) -> 11.916667 | F43: =POWER(D43, 2) -> 142.00694 | G43: =(C43/C42)*100 -> 101.6136 | H43: =G43-$G$47 -> 0.83047743 | I43: =ABS(H43) -> 0.83047743 | J43: =POWER(I43, 2) -> 0.68969277 | K43: =C43/C23*100 -> 86.249087 | L43: =K43-$K$47 -> -1.3184088 | M43: =ABS(L43) -> 1.3184088 | N43: =POWER(L43, 2) -> 1.7382017
A44: 2017 | B44: 10 | C44: 468.6 | D44: =C44-$C$47 -> 8.2166667 | E44: =ABS(D44) -> 8.2166667 | F44: =POWER(D44, 2) -> 67.513611 | G44: =(C44/C43)*100 -> 99.2166 | H44: =G44-$G$47 -> -1.5665202 | I44: =ABS(H44) -> 1.5665202 | J44: =POWER(I44, 2) -> 2.4539855 | K44: =C44/C24*100 -> 85.69861 | L44: =K44-$K$47 -> -1.8688856 | M44: =ABS(L44) -> 1.8688856 | N44: =POWER(L44, 2) -> 3.4927335
A45: 2018 | B45: 11 | C45: 473.7 | D45: =C45-$C$47 -> 13.316667 | E45: =ABS(D45) -> 13.316667 | F45: =POWER(D45, 2) -> 177.33361 | G45: =(C45/C44)*100 -> 101.08835 | H45: =G45-$G$47 -> 0.30522846 | I45: =ABS(H45) -> 0.30522846 | J45: =POWER(I45, 2) -> 0.093164412 | K45: =C45/C25*100 -> 85.197842 | L45: =K45-$K$47 -> -2.369654 | M45: =ABS(L45) -> 2.369654 | N45: =POWER(L45, 2) -> 5.61526
A46: 2019 | B46: 12 | C46: 475.5 | D46: =C46-$C$47 -> 15.116667 | E46: =ABS(D46) -> 15.116667 | F46: =POWER(D46, 2) -> 228.51361 | G46: =(C46/C45)*100 -> 100.37999 | H46: =G46-$G$47 -> -0.40313248 | I46: =ABS(H46) -> 0.40313248 | J46: =POWER(I46, 2) -> 0.1625158 | K46: =C46/C26*100 -> 84.729152 | L46: =K46-$K$47 -> -2.8383439 | M46: =ABS(L46) -> 2.8383439 | N46: =POWER(L46, 2) -> 8.0561961
A47: Среднее значение | B47: 13 | C47: =AVERAGE(C35:C46) -> 460.38333 | D47: - | E47: - | F47: - | G47: =POWER(PRODUCT(G36:G46), 1/COUNTA(G36:G46)) -> 100.78312 | H47: - | I47: - | J47: - | K47: =AVERAGE(K35:K46) -> 87.567496 | L47: - | M47: - | N47: -
A49: Источник: расчет автора на основе данных ЦДУ ТЭК.
A52: Расчетные значения добычи нефти независимыми производителями
A53: Показатель | C53: Добыча нефти | D53: Х-Хср | E53: |Х-Хср| | F53: (Х-Хср)2 | G53: Сравнение с предущим периодом, % | H53: Х1-Хср | I53: |Х1-Хср| | J53: (Х1-Хср)2 | K53: Удельный вес в общем объёме, % | L53: Х-Хср | M53: |Х-Хср| | N53: (Х-Хср)2
A54: А | B54: Б | C54: В | D54: 1 | E54: 2 | F54: 3 | G54: 4 | H54: 5 | I54: 6 | J54: 7 | K54: 8 | L54: 1 | M54: 2 | N54: 3
A55: {=TRANSPOSE(C3:N3)} -> 2008 | B55: 1 | C55: {=TRANSPOSE(C7:N7)} -> 40.2 | D55: =C55-$C$67 -> -10.183333 | E55: =ABS(D55) -> 10.183333 | F55: =POWER(D55, 2) -> 103.70028 | G55: - | H55: - | I55: - | J55: - | K55: =C55/C15*100 -> 8.227589 | L55: =K55-$K$67 -> -1.2909793 | M55: =ABS(L55) -> 1.2909793 | N55: =POWER(L55, 2) -> 1.6666275
A56: 2009 | B56: 2 | C56: 40.1 | D56: =C56-$C$67 -> -10.283333 | E56: =ABS(D56) -> 10.283333 | F56: =POWER(D56, 2) -> 105.74694 | G56: =(C56/C55)*100 -> 99.751244 | H56: =G56-$G$67 -> -4.8878121 | I56: =ABS(H56) -> 4.8878121 | J56: =POWER(I56, 2) -> 23.890707 | K56: =C56/C16*100 -> 8.1124823 | L56: =K56-$K$67 -> -1.406086 | M56: =ABS(L56) -> 1.406086 | N56: =POWER(L56, 2) -> 1.9770779
A57: 2010 | B57: 3 | C57: 40.1 | D57: =C57-$C$67 -> -10.283333 | E57: =ABS(D57) -> 10.283333 | F57: =POWER(D57, 2) -> 105.74694 | G57: =(C57/C56)*100 -> 100 | H57: =G57-$G$67 -> -4.6390559 | I57: =ABS(H57) -> 4.6390559 | J57: =POWER(I57, 2) -> 21.520839 | K57: =C57/C17*100 -> 7.9374505 | L57: =K57-$K$67 -> -1.5811178 | M57: =ABS(L57) -> 1.5811178 | N57: =POWER(L57, 2) -> 2.4999335
A58: 2011 | B58: 4 | C58: 42.4 | D58: =C58-$C$67 -> -7.9833333 | E58: =ABS(D58) -> 7.9833333 | F58: =POWER(D58, 2) -> 63.733611 | G58: =(C58/C57)*100 -> 105.73566 | H58: =G58-$G$67 -> 1.096605 | I58: =ABS(H58) -> 1.096605 | J58: =POWER(I58, 2) -> 1.2025425 | K58: =C58/C18*100 -> 8.290966 | L58: =K58-$K$67 -> -1.2276023 | M58: =ABS(L58) -> 1.2276023 | N58: =POWER(L58, 2) -> 1.5070075
A59: 2012 | B59: 5 | C59: 43.5 | D59: =C59-$C$67 -> -6.8833333 | E59: =ABS(D59) -> 6.8833333 | F59: =POWER(D59, 2) -> 47.380278 | G59: =(C59/C58)*100 -> 102.59434 | H59: =G59-$G$67 -> -2.0447162 | I59: =ABS(H59) -> 2.0447162 | J59: =POWER(I59, 2) -> 4.1808645 | K59: =C59/C19*100 -> 8.3960625 | L59: =K59-$K$67 -> -1.1225058 | M59: =ABS(L59) -> 1.1225058 | N59: =POWER(L59, 2) -> 1.2600192
A60: 2013 | B60: 6 | C60: 45.1 | D60: =C60-$C$67 -> -5.2833333 | E60: =ABS(D60) -> 5.2833333 | F60: =POWER(D60, 2) -> 27.913611 | G60: =(C60/C59)*100 -> 103.67816 | H60: =G60-$G$67 -> -0.96089493 | I60: =ABS(H60) -> 0.96089493 | J60: =POWER(I60, 2) -> 0.92331907 | K60: =C60/C20*100 -> 8.6167367 | L60: =K60-$K$67 -> -0.9018316 | M60: =ABS(L60) -> 0.9018316 | N60: =POWER(L60, 2) -> 0.81330024
A61: 2014 | B61: 7 | C61: 47.9 | D61: =C61-$C$67 -> -2.4833333 | E61: =ABS(D61) -> 2.4833333 | F61: =POWER(D61, 2) -> 6.1669444 | G61: =(C61/C60)*100 -> 106.20843 | H61: =G61-$G$67 -> 1.5693699 | I61: =ABS(H61) -> 1.5693699 | J61: =POWER(I61, 2) -> 2.4629218 | K61: =C61/C21*100 -> 9.0926348 | L61: =K61-$K$67 -> -0.42593355 | M61: =ABS(L61) -> 0.42593355 | N61: =POWER(L61, 2) -> 0.18141939
A62: 2015 | B62: 8 | C62: 54.6 | D62: =C62-$C$67 -> 4.2166667 | E62: =ABS(D62) -> 4.2166667 | F62: =POWER(D62, 2) -> 17.780278 | G62: =(C62/C61)*100 -> 113.98747 | H62: =G62-$G$67 -> 9.3484181 | I62: =ABS(H62) -> 9.3484181 | J62: =POWER(I62, 2) -> 87.39292 | K62: =C62/C22*100 -> 10.218978 | L62: =K62-$K$67 -> 0.70040978 | M62: =ABS(L62) -> 0.70040978 | N62: =POWER(L62, 2) -> 0.49057386
A63: 2016 | B63: 9 | C63: 59.3 | D63: =C63-$C$67 -> 8.9166667 | E63: =ABS(D63) -> 8.9166667 | F63: =POWER(D63, 2) -> 79.506944 | G63: =(C63/C62)*100 -> 108.60806 | H63: =G63-$G$67 -> 3.9690028 | I63: =ABS(H63) -> 3.9690028 | J63: =POWER(I63, 2) -> 15.752983 | K63: =C63/C23*100 -> 10.829072 | L63: =K63-$K$67 -> 1.310504 | M63: =ABS(L63) -> 1.310504 | N63: =POWER(L63, 2) -> 1.7174207
A64: 2017 | B64: 10 | C64: 61.7 | D64: =C64-$C$67 -> 11.316667 | E64: =ABS(D64) -> 11.316667 | F64: =POWER(D64, 2) -> 128.06694 | G64: =(C64/C63)*100 -> 104.04722 | H64: =G64-$G$67 -> -0.59183831 | I64: =ABS(H64) -> 0.59183831 | J64: =POWER(I64, 2) -> 0.35027259 | K64: =C64/C24*100 -> 11.283833 | L64: =K64-$K$67 -> 1.7652649 | M64: =ABS(L64) -> 1.7652649 | N64: =POWER(L64, 2) -> 3.1161601
A65: 2018 | B65: 11 | C65: 63.5 | D65: =C65-$C$67 -> 13.116667 | E65: =ABS(D65) -> 13.116667 | F65: =POWER(D65, 2) -> 172.04694 | G65: =(C65/C64)*100 -> 102.91734 | H65: =G65-$G$67 -> -1.7217139 | I65: =ABS(H65) -> 1.7217139 | J65: =POWER(I65, 2) -> 2.9642987 | K65: =C65/C25*100 -> 11.420863 | L65: =K65-$K$67 -> 1.902295 | M65: =ABS(L65) -> 1.902295 | N65: =POWER(L65, 2) -> 3.6187262
A66: 2019 | B66: 12 | C66: 66.2 | D66: =C66-$C$67 -> 15.816667 | E66: =ABS(D66) -> 15.816667 | F66: =POWER(D66, 2) -> 250.16694 | G66: =(C66/C65)*100 -> 104.25197 | H66: =G66-$G$67 -> -0.38708735 | I66: =ABS(H66) -> 0.38708735 | J66: =POWER(I66, 2) -> 0.14983661 | K66: =C66/C26*100 -> 11.796151 | L66: =K66-$K$67 -> 2.2775828 | M66: =ABS(L66) -> 2.2775828 | N66: =POWER(L66, 2) -> 5.1873833
A67: Среднее значение | B67: 13 | C67: =AVERAGE(C55:C66) -> 50.383333 | D67: - | E67: - | F67: - | G67: =POWER(PRODUCT(G56:G66), 1/COUNTA(G56:G66)) -> 104.63906 | H67: - | I67: - | J67: - | K67: =AVERAGE(K55:K66) -> 9.5185683 | L67: - | M67: - | N67: -
A69: Источник: расчет автора на основе данных ЦДУ ТЭК.
A72: Расчетные значения добычи нефти операторами СРП
A73: Показатель | C73: Добыча нефти | D73: Х-Хср | E73: |Х-Хср| | F73: (Х-Хср)2 | G73: Сравнение с предущим периодом, % | H73: Х1-Хср | I73: |Х1-Хср| | J73: (Х1-Хср)2 | K73: Удельный вес в общем объёме, % | L73: Х-Хср | M73: |Х-Хср| | N73: (Х-Хср)2
A74: А | B74: Б | C74: В | D74: 1 | E74: 2 | F74: 3 | G74: 4 | H74: 5 | I74: 6 | J74: 7 | K74: 8 | L74: 1 | M74: 2 | N74: 3
A75: 2008 | B75: 1 | C75: {=TRANSPOSE(C8:N8)} -> 12 | D75: =C75-$C$87 -> -3.3666667 | E75: =ABS(D75) -> 3.3666667 | F75: =POWER(D75, 2) -> 11.334444 | G75: - | H75: - | I75: - | J75: - | K75: =C75/C15*100 -> 2.4559967 | L75: =K75-$K$87 -> -0.45649891 | M75: =ABS(L75) -> 0.45649891 | N75: =POWER(L75, 2) -> 0.20839125
A76: 2009 | B76: 2 | C76: 14.8 | D76: =C76-$C$87 -> -0.56666667 | E76: =ABS(D76) -> 0.56666667 | F76: =POWER(D76, 2) -> 0.32111111 | G76: =(C76/C75)*100 -> 123.33333 | H76: =G76-$G$87 -> 18.869611 | I76: =ABS(H76) -> 18.869611 | J76: =POWER(I76, 2) -> 356.0622 | K76: =C76/C16*100 -> 2.9941331 | L76: =K76-$K$87 -> 0.081637486 | M76: =ABS(L76) -> 0.081637486 | N76: =POWER(L76, 2) -> 0.0066646792
A77: 2010 | B77: 3 | C77: 14.4 | D77: =C77-$C$87 -> -0.96666667 | E77: =ABS(D77) -> 0.96666667 | F77: =POWER(D77, 2) -> 0.93444444 | G77: =(C77/C76)*100 -> 97.297297 | H77: =G77-$G$87 -> -7.1664254 | I77: =ABS(H77) -> 7.1664254 | J77: =POWER(I77, 2) -> 51.357653 | K77: =C77/C17*100 -> 2.8503563 | L77: =K77-$K$87 -> -0.062139337 | M77: =ABS(L77) -> 0.062139337 | N77: =POWER(L77, 2) -> 0.0038612972
A78: 2011 | B78: 4 | C78: 15.1 | D78: =C78-$C$87 -> -0.26666667 | E78: =ABS(D78) -> 0.26666667 | F78: =POWER(D78, 2) -> 0.071111111 | G78: =(C78/C77)*100 -> 104.86111 | H78: =G78-$G$87 -> 0.39738838 | I78: =ABS(H78) -> 0.39738838 | J78: =POWER(I78, 2) -> 0.15791753 | K78: =C78/C18*100 -> 2.9526789 | L78: =K78-$K$87 -> 0.040183289 | M78: =ABS(L78) -> 0.040183289 | N78: =POWER(L78, 2) -> 0.0016146967
A79: 2012 | B79: 5 | C79: 14.1 | D79: =C79-$C$87 -> -1.2666667 | E79: =ABS(D79) -> 1.2666667 | F79: =POWER(D79, 2) -> 1.6044444 | G79: =(C79/C78)*100 -> 93.377483 | H79: =G79-$G$87 -> -11.086239 | I79: =ABS(H79) -> 11.086239 | J79: =POWER(I79, 2) -> 122.9047 | K79: =C79/C19*100 -> 2.7214823 | L79: =K79-$K$87 -> -0.19101329 | M79: =ABS(L79) -> 0.19101329 | N79: =POWER(L79, 2) -> 0.036486078
A80: 2013 | B80: 6 | C80: 14 | D80: =C80-$C$87 -> -1.3666667 | E80: =ABS(D80) -> 1.3666667 | F80: =POWER(D80, 2) -> 1.8677778 | G80: =(C80/C79)*100 -> 99.29078 | H80: =G80-$G$87 -> -5.1729426 | I80: =ABS(H80) -> 5.1729426 | J80: =POWER(I80, 2) -> 26.759335 | K80: =C80/C20*100 -> 2.6748185 | L80: =K80-$K$87 -> -0.23767714 | M80: =ABS(L80) -> 0.23767714 | N80: =POWER(L80, 2) -> 0.056490421
A81: 2014 | B81: 7 | C81: 14.4 | D81: =C81-$C$87 -> -0.96666667 | E81: =ABS(D81) -> 0.96666667 | F81: =POWER(D81, 2) -> 0.93444444 | G81: =(C81/C80)*100 -> 102.85714 | H81: =G81-$G$87 -> -1.6065799 | I81: =ABS(H81) -> 1.6065799 | J81: =POWER(I81, 2) -> 2.5810989 | K81: =C81/C21*100 -> 2.7334852 | L81: =K81-$K$87 -> -0.17901044 | M81: =ABS(L81) -> 0.17901044 | N81: =POWER(L81, 2) -> 0.032044737
A82: 2015 | B82: 8 | C82: 15 | D82: =C82-$C$87 -> -0.36666667 | E82: =ABS(D82) -> 0.36666667 | F82: =POWER(D82, 2) -> 0.13444444 | G82: =(C82/C81)*100 -> 104.16667 | H82: =G82-$G$87 -> -0.29705606 | I82: =ABS(H82) -> 0.29705606 | J82: =POWER(I82, 2) -> 0.088242303 | K82: =C82/C22*100 -> 2.8074116 | L82: =K82-$K$87 -> -0.10508406 | M82: =ABS(L82) -> 0.10508406 | N82: =POWER(L82, 2) -> 0.011042661
A83: 2016 | B83: 9 | C83: 16 | D83: =C83-$C$87 -> 0.63333333 | E83: =ABS(D83) -> 0.63333333 | F83: =POWER(D83, 2) -> 0.40111111 | G83: =(C83/C82)*100 -> 106.66667 | H83: =G83-$G$87 -> 2.2029439 | I83: =ABS(H83) -> 2.2029439 | J83: =POWER(I83, 2) -> 4.852962 | K83: =C83/C23*100 -> 2.9218408 | L83: =K83-$K$87 -> 0.0093451283 | M83: =ABS(L83) -> 0.0093451283 | N83: =POWER(L83, 2) -> 8.7331424e-05
A84: 2017 | B84: 10 | C84: 16.5 | D84: =C84-$C$87 -> 1.1333333 | E84: =ABS(D84) -> 1.1333333 | F84: =POWER(D84, 2) -> 1.2844444 | G84: =(C84/C83)*100 -> 103.125 | H84: =G84-$G$87 -> -1.3387227 | I84: =ABS(H84) -> 1.3387227 | J84: =POWER(I84, 2) -> 1.7921785 | K84: =C84/C24*100 -> 3.0175567 | L84: =K84-$K$87 -> 0.10506106 | M84: =ABS(L84) -> 0.10506106 | N84: =POWER(L84, 2) -> 0.011037827
A85: 2018 | B85: 11 | C85: 18.7 | D85: =C85-$C$87 -> 3.3333333 | E85: =ABS(D85) -> 3.3333333 | F85: =POWER(D85, 2) -> 11.111111 | G85: =(C85/C84)*100 -> 113.33333 | H85: =G85-$G$87 -> 8.8696106 | I85: =ABS(H85) -> 8.8696106 | J85: =POWER(I85, 2) -> 78.669992 | K85: =C85/C25*100 -> 3.3633094 | L85: =K85-$K$87 -> 0.45081372 | M85: =ABS(L85) -> 0.45081372 | N85: =POWER(L85, 2) -> 0.20323301
A86: 2019 | B86: 12 | C86: 19.4 | D86: =C86-$C$87 -> 4.0333333 | E86: =ABS(D86) -> 4.0333333 | F86: =POWER(D86, 2) -> 16.267778 | G86: =(C86/C85)*100 -> 103.74332 | H86: =G86-$G$87 -> -0.72040722 | I86: =ABS(H86) -> 0.72040722 | J86: =POWER(I86, 2) -> 0.51898656 | K86: =C86/C26*100 -> 3.4568781 | L86: =K86-$K$87 -> 0.54438249 | M86: =ABS(L86) -> 0.54438249 | N86: =POWER(L86, 2) -> 0.29635229
A87: Среднее значение | B87: 13 | C87: =AVERAGE(C75:C86) -> 15.366667 | D87: - | E87: - | F87: - | G87: =POWER(PRODUCT(G76:G86), 1/COUNTA(G76:G86)) -> 104.46372 | H87: - | I87: - | J87: - | K87: =AVERAGE(K75:K86) -> 2.9124956 | L87: - | M87: - | N87: -
A89: Источник: расчет автора на основе данных ЦДУ ТЭК.
A92: Распределение добычи нефти по категориям производителей, по годам, млн. баррелей
A94: Коэффициент пересчета из тонн в баррель | B94: 7.28
A97: Показатель | C97: 2008 | D97: 2009 | E97: 2010 | F97: 2011 | G97: 2012 | H97: 2013 | I97: 2014 | J97: 2015 | K97: 2016 | L97: 2017 | M97: 2018 | N97: 2019
A98: А | B98: Б | C98: 1 | D98: 2 | E98: 3 | F98: 4 | G98: 5 | H98: 6 | I98: 7 | J98: 8 | K98: 9 | L98: 10 | M98: 11 | N98: 12
A99: Добыча нефти (всего) | B99: 1 | C99: =C5*$B$94 -> 3557.008 | D99: =D5*$B$94 -> 3598.504 | E99: =E5*$B$94 -> 3677.856 | F99: =F5*$B$94 -> 3722.992 | G99: =G5*$B$94 -> 3771.768 | H99: =H5*$B$94 -> 3810.352 | I99: =I5*$B$94 -> 3835.104 | J99: =J5*$B$94 -> 3889.704 | ... N99: =N5*$B$94 -> 4085.536
A100: Добыча нефти ВИНК (включая ПАО ГАЗПРОМ) | B100: 2 | C100: =C6*$B$94 -> 3176.992 | D100: =D6*$B$94 -> 3198.832 | E100: =E6*$B$94 -> 3281.096 | F100: =F6*$B$94 -> 3304.392 | G100: =G6*$B$94 -> 3351.712 | H100: =H6*$B$94 -> 3380.832 | I100: =I6*$B$94 -> 3381.56 | J100: =J6*$B$94 -> 3383.744 | ... N100: =N6*$B$94 -> 3461.64
A101: Добыча нефти независимыми производителями | B101: 3 | C101: =C7*$B$94 -> 292.656 | D101: =D7*$B$94 -> 291.928 | E101: =E7*$B$94 -> 291.928 | F101: =F7*$B$94 -> 308.672 | G101: =G7*$B$94 -> 316.68 | H101: =H7*$B$94 -> 328.328 | I101: =I7*$B$94 -> 348.712 | J101: =J7*$B$94 -> 397.488 | ... N101: =N7*$B$94 -> 481.936
A102: Добыча нефти операторами СРП | B102: 4 | C102: =C8*$B$94 -> 87.36 | D102: =D8*$B$94 -> 107.744 | E102: =E8*$B$94 -> 104.832 | F102: =F8*$B$94 -> 109.928 | G102: =G8*$B$94 -> 102.648 | H102: =H8*$B$94 -> 101.92 | I102: =I8*$B$94 -> 104.832 | J102: =J8*$B$94 -> 109.2 | ... N102: =N8*$B$94 -> 141.232
A104: Источник: расчет автора на основе данных ЦДУ ТЭК.
A106: Распределение добычи нефти по категориям производителей, по годам, млн. б.н.э
A108: Коэффициент пересчета (из тонн в TOE) | B108: 1.43
A109: Коэффициент пересчета (из TOE в BOE) | B109: 6.842
A112: Показатель | C112: 2008 | D112: 2009 | E112: 2010 | F112: 2011 | G112: 2012 | H112: 2013 | I112: 2014 | J112: 2015 | K112: 2016 | L112: 2017 | M112: 2018 | N112: 2019
A113: А | B113: Б | C113: 1 | D113: 2 | E113: 3 | F113: 4 | G113: 5 | H113: 6 | I113: 7 | J113: 8 | K113: 9 | L113: 10 | M113: 11 | N113: 12
A114: Добыча нефти (всего) | B114: 1 | C114: =C5*$B$109*$B$108 -> 4780.4917 | D114: =D5*$B$109*$B$108 -> 4836.2609 | E114: =E5*$B$109*$B$108 -> 4942.9071 | F114: =F5*$B$109*$B$108 -> 5003.5683 | G114: =G5*$B$109*$B$108 -> 5069.1215 | H114: =H5*$B$109*$B$108 -> 5120.977 | I114: =I5*$B$109*$B$108 -> 5154.2428 | J114: =J5*$B$109*$B$108 -> 5227.6233 | ... N114: =N5*$B$109*$B$108 -> 5490.8145
A115: Добыча нефти ВИНК (включая ПАО ГАЗПРОМ) | B115: 2 | C115: =C6*$B$109*$B$108 -> 4269.7638 | D115: =D6*$B$109*$B$108 -> 4299.116 | E115: =E6*$B$109*$B$108 -> 4409.6758 | F115: =F6*$B$109*$B$108 -> 4440.9848 | G115: =G6*$B$109*$B$108 -> 4504.5812 | H115: =H6*$B$109*$B$108 -> 4543.7175 | I115: =I6*$B$109*$B$108 -> 4544.6959 | J115: =J6*$B$109*$B$108 -> 4547.6311 | ... N115: =N6*$B$109*$B$108 -> 4652.3205
A116: Добыча нефти независимыми производителями | B116: 3 | C116: =C7*$B$109*$B$108 -> 393.31921 | D116: =D7*$B$109*$B$108 -> 392.34081 | E116: =E7*$B$109*$B$108 -> 392.34081 | F116: =F7*$B$109*$B$108 -> 414.84414 | G116: =G7*$B$109*$B$108 -> 425.60661 | H116: =H7*$B$109*$B$108 -> 441.26111 | I116: =I7*$B$109*$B$108 -> 468.65647 | J116: =J7*$B$109*$B$108 -> 534.20968 | ... N116: =N7*$B$109*$B$108 -> 647.70477
A117: Добыча нефти операторами СРП | B117: 4 | C117: =C8*$B$109*$B$108 -> 117.40872 | D117: =D8*$B$109*$B$108 -> 144.80409 | E117: =E8*$B$109*$B$108 -> 140.89046 | F117: =F8*$B$109*$B$108 -> 147.73931 | G117: =G8*$B$109*$B$108 -> 137.95525 | H117: =H8*$B$109*$B$108 -> 136.97684 | I117: =I8*$B$109*$B$108 -> 140.89046 | J117: =J8*$B$109*$B$108 -> 146.7609 | ... N117: =N8*$B$109*$B$108 -> 189.81076
A119: Источник: расчет автора на основе данных ЦДУ ТЭК.
A121: Сопоставление данных о добыче нефти, по сравнению с предыдущем периодом, млн. т
A123: Показатель | C123: 2008 | D123: 2009 | E123: 2010 | F123: 2011 | G123: 2012 | H123: 2013 | I123: 2014 | J123: 2015 | K123: 2016 | L123: 2017 | M123: 2018 | N123: 2019
A124: А | B124: Б | C124: 1 | D124: 2 | E124: 3 | F124: 4 | G124: 5 | H124: 6 | I124: 7 | J124: 8 | K124: 9 | L124: 10 | M124: 11 | N124: 12
A125: Добыча нефти (всего) | B125: 1 | C125: – | D125: =D5-C5 -> 5.7 | E125: =E5-D5 -> 10.9 | F125: =F5-E5 -> 6.2 | G125: =G5-F5 -> 6.7 | H125: =H5-G5 -> 5.3 | I125: =I5-H5 -> 3.4 | J125: =J5-I5 -> 7.5 | K125: =K5-J5 -> 13.3 | ... N125: =N5-M5 -> 5.2
A126: Добыча нефти ВИНК (включая ПАО ГАЗПРОМ) | B126: 2 | C126: – | D126: =D6-C6 -> 3 | E126: =E6-D6 -> 11.3 | F126: =F6-E6 -> 3.2 | G126: =G6-F6 -> 6.5 | H126: =H6-G6 -> 4 | I126: =I6-H6 -> 0.1 | J126: =J6-I6 -> 0.3 | K126: =K6-J6 -> 7.5 | ... N126: =N6-M6 -> 1.8
...

Sheet 1.2
A1: Распределение добычи нефти по регионам, по годам, млн. т
A3: Показатель | C3: 2008 | D3: 2009 | E3: 2010 | F3: 2011 | G3: 2012 | H3: 2013 | I3: 2014 | J3: 2015 | K3: 2016 | L3: 2017 | M3: 2018 | N3: 2019 | O3: Среднее значение добычи по регионам за 2014-2019 | P3: Xmax | Q3: Xmin | R3: Амплитуда, R | S3: Q1 | T3: Q3 | U3: Медиана, Me | V3: Межквартильный размах, IQR | W3: Среднее линейное отклонение, L | X3: Дисперсия | Y3: Среднеквадратическое отклонение, СКО | Z3: Коэффициент осциляции (VR), % | AA3: Коэффициент линейного отклонения (VL), % | AB3: Коэффициент вариации (V), %
A4: А | B4: Б | C4: 1 | D4: 2 | E4: 3 | F4: 4 | G4: 5 | H4: 6 | I4: 7 | J4: 8 | K4: 9 | L4: 10 | M4: 11 | N4: 12 | O4: 13 | P4: 14 | Q4: 15 | R4: 16 | S4: 17 | T4: 18 | U4: 19 | V4: 20 | W4: 21 | X4: 23 | Y4: 24 | Z4: 25 | AA4: 26 | AB4: 27
A5: Всего | B5: 1 | C5: ='1.1'!C5 -> 488.6 | D5: ='1.1'!D5 -> 494.3 | E5: ='1.1'!E5 -> 505.2 | F5: ='1.1'!F5 -> 511.4 | G5: ='1.1'!G5 -> 518.1 | H5: ='1.1'!H5 -> 523.4 | I5: ='1.1'!I5 -> 526.8 | J5: ='1.1'!J5 -> 534.3 | ... N5: ='1.1'!N5 -> 561.2 | O5: =AVERAGE(C5:N5) -> 526.14167 | P5: =QUARTILE(C5:N5,4) -> 561.2 | Q5: =QUARTILE(C5:N5, 0) -> 488.6 | R5: =P5-Q5 -> 72.6 | S5: =QUARTILE(C5:N5,1) -> 509.85 | T5: =QUARTILE(C5:N5, 3) -> 547 | U5: =QUARTILE(C5:N5, 2) -> 525.1 | V5: 525,1 (Q1-Q3: 509,9-547,0) | W5: =SUM(E16:E27)/COUNTA(E16:E27) -> 19.308333 | X5: =SUM(F16:F27)/COUNTA(F16:F27) -> 518.84576 | Y5: =SQRT(X5) -> 22.778186 | Z5: =R5/O5*100 -> 13.798565 | AA5: =W5/O5*100 -> 3.6697974 | AB5: =Y5/O5*100 -> 4.3292876
A6: Европейская часть | B6: 2 | C6: УЧЕТ НЕ ОСУЩЕСТВЛЯЛСЯ (н/д) | I6: 155 | J6: 159 | K6: 163.3 | L6: 163.3 | M6: 164.4 | N6: 165.7 | O6: =AVERAGE(I6:N6) -> 161.78333 | P6: =QUARTILE(C6:N6,4) -> 165.7 | Q6: =QUARTILE(C6:N6, 0) -> 155 | R6: =P6-Q6 -> 10.7 | S6: =QUARTILE(C6:N6,1) -> 160.075 | T6: =QUARTILE(C6:N6, 3) -> 164.125 | U6: =QUARTILE(C6:N6, 2) -> 163.3 | V6: 163,3 (Q1-Q3: 160,1-164,1) | W6: =SUM(E43:E48)/COUNTA(E43:E48) -> 3.1888889 | X6: =SUM(F43:F48)/COUNTA(F43:F48) -> 13.424722 | Y6: =SQRT(X6) -> 3.6639763 | Z6: =R6/O6*100 -> 6.6137839 | AA6: =W6/O6*100 -> 1.9710862 | AB6: =Y6/O6*100 -> 2.2647427
A7: Западная Сибирь | B7: 3 | I7: 313 | J7: 311.8 | K7: 315.5 | L7: 313.6 | M7: 316.9 | N7: 319.5 | O7: =AVERAGE(I7:N7) -> 315.05 | P7: =QUARTILE(C7:N7,4) -> 319.5 | Q7: =QUARTILE(C7:N7, 0) -> 311.8 | R7: =P7-Q7 -> 7.7 | S7: =QUARTILE(C7:N7,1) -> 313.15 | T7: =QUARTILE(C7:N7, 3) -> 316.55 | U7: =QUARTILE(C7:N7, 2) -> 314.55 | V7: 314,6 (Q1-Q3: 313,2-316,6) | W7: =SUM(E64:E69)/COUNTA(E64:E69) -> 2.25 | X7: =SUM(F64:F69)/COUNTA(F64:F69) -> 6.7158333 | Y7: =SQRT(X7) -> 2.5914925 | Z7: =R7/O7*100 -> 2.4440565 | AA7: =W7/O7*100 -> 0.71417235 | AB7: =Y7/O7*100 -> 0.82256546
A8: Восточная Сибирь и Дальний Восток | B8: 4 | I8: 58.8 | J8: 63.6 | K8: 68.7 | L8: 69.9 | M8: 74.6 | N8: 76 | O8: =AVERAGE(I8:N8) -> 68.6 | P8: =QUARTILE(C8:N8,4) -> 76 | Q8: =QUARTILE(C8:N8, 0) -> 58.8 | R8: =P8-Q8 -> 17.2 | S8: =QUARTILE(C8:N8,1) -> 64.875 | T8: =QUARTILE(C8:N8, 3) -> 73.425 | U8: =QUARTILE(C8:N8, 2) -> 69.3 | V8: 69,3 (Q1-Q3: 64,9-73,4) | W8: =SUM(E85:E90)/COUNTA(E85:E90) -> 4.9333333 | X8: =SUM(F85:F90)/COUNTA(F85:F90) -> 35.583333 | Y8: =SQRT(X8) -> 5.9651767 | Z8: =R8/O8*100 -> 25.072886 | AA8: =W8/O8*100 -> 7.191448 | AB8: =Y8/O8*100 -> 8.6955929
A10: Источник: данные ЦДУ ТЭК.
A12: Расчетные значения добычи нефти (всего), млн.т
A14: Показатель | C14: Добыча нефти | D14: Х-Хср | E14: |Х-Хср| | F14: (Х-Хср)2 | G14: Сравнение с предущим периодом, % | H14: Х1-Хср | I14: |Х1-Хср| | J14: (Х1-Хср)2
A15: А | B15: Б | C15: В | D15: 1 | E15: 2 | F15: 3 | G15: 4 | H15: 5 | I15: 6 | J15: 7
A16: 2008 | B16: 1 | C16: {=TRANSPOSE(C5:N5)} -> 488.6 | D16: =C16-$C$28 -> -37.541667 | E16: =ABS(D16) -> 37.541667 | F16: =POWER(E16,2) -> 1409.3767 | G16: - | H16: - | I16: - | J16: -
A17: 2009 | B17: 2 | C17: 494.3 | D17: =C17-$C$28 -> -31.841667 | E17: =ABS(D17) -> 31.841667 | F17: =POWER(E17,2) -> 1013.8917 | G17: =C17/C16*100 -> 101.1666 | H17: =G17-$G$28 -> -0.10075793 | I17: =ABS(H17:H27) -> 0.10075793 | J17: =POWER(I17, 2) -> 0.010152161
A18: 2010 | B18: 3 | C18: 505.2 | D18: =C18-$C$28 -> -20.941667 | E18: =ABS(D18) -> 20.941667 | F18: =POWER(E18,2) -> 438.5534 | G18: =C18/C17*100 -> 102.20514 | H18: =G18-$G$28 -> 0.9377822 | I18: =ABS(H18:H28) -> 0.9377822 | J18: =POWER(I18, 2) -> 0.87943546
A19: 2011 | B19: 4 | C19: 511.4 | D19: =C19-$C$28 -> -14.741667 | E19: =ABS(D19) -> 14.741667 | F19: =POWER(E19,2) -> 217.31674 | G19: =C19/C18*100 -> 101.22724 | H19: =G19-$G$28 -> -0.040119639 | I19: =ABS(H19:H29) -> 0.040119639 | J19: =POWER(I19, 2) -> 0.0016095854
A20: 2012 | B20: 5 | C20: 518.1 | D20: =C20-$C$28 -> -8.0416667 | E20: =ABS(D20) -> 8.0416667 | F20: =POWER(E20,2) -> 64.668403 | G20: =C20/C19*100 -> 101.31013 | H20: =G20-$G$28 -> 0.042772681 | I20: =ABS(H20:H30) -> 0.042772681 | J20: =POWER(I20, 2) -> 0.0018295022
A21: 2013 | B21: 6 | C21: 523.4 | D21: =C21-$C$28 -> -2.7416667 | E21: =ABS(D21) -> 2.7416667 | F21: =POWER(E21,2) -> 7.5167361 | G21: =C21/C20*100 -> 101.02297 | H21: =G21-$G$28 -> -0.24438784 | I21: =ABS(H21:H31) -> 0.24438784 | J21: =POWER(I21, 2) -> 0.059725415
A22: 2014 | B22: 7 | C22: 526.8 | D22: =C22-$C$28 -> 0.65833333 | E22: =ABS(D22) -> 0.65833333 | F22: =POWER(E22,2) -> 0.43340278 | G22: =C22/C21*100 -> 100.6496 | H22: =G22-$G$28 -> -0.6177576 | I22: =ABS(H22:H32) -> 0.6177576 | J22: =POWER(I22, 2) -> 0.38162445
A23: 2015 | B23: 8 | C23: 534.3 | D23: =C23-$C$28 -> 8.1583333 | E23: =ABS(D23) -> 8.1583333 | F23: =POWER(E23,2) -> 66.558403 | G23: =C23/C22*100 -> 101.42369 | H23: =G23-$G$28 -> 0.15633383 | I23: =ABS(H23:H33) -> 0.15633383 | J23: =POWER(I23, 2) -> 0.024440266
A24: 2016 | B24: 9 | C24: 547.6 | D24: =C24-$C$28 -> 21.458333 | E24: =ABS(D24) -> 21.458333 | F24: =POWER(E24,2) -> 460.46007 | G24: =C24/C23*100 -> 102.48924 | H24: =G24-$G$28 -> 1.2218819 | I24: =ABS(H24:H34) -> 1.2218819 | J24: =POWER(I24, 2) -> 1.4929953
A25: 2017 | B25: 10 | C25: 546.8 | D25: =C25-$C$28 -> 20.658333 | E25: =ABS(D25) -> 20.658333 | F25: =POWER(E25,2) -> 426.76674 | G25: =C25/C24*100 -> 99.853908 | H25: =G25-$G$28 -> -1.4134484 | I25: =ABS(H25:H35) -> 1.4134484 | J25: =POWER(I25, 2) -> 1.9978364
A26: 2018 | B26: 11 | C26: 556 | D26: =C26-$C$28 -> 29.858333 | E26: =ABS(D26) -> 29.858333 | F26: =POWER(E26,2) -> 891.52007 | G26: =C26/C25*100 -> 101.68252 | H26: =G26-$G$28 -> 0.41516008 | I26: =ABS(H26:H36) -> 0.41516008 | J26: =POWER(I26, 2) -> 0.17235789
A27: 2019 | B27: 12 | C27: 561.2 | D27: =C27-$C$28 -> 35.058333 | E27: =ABS(D27) -> 35.058333 | F27: =POWER(E27,2) -> 1229.0867 | G27: =C27/C26*100 -> 100.93525 | H27: =G27-$G$28 -> -0.33210458 | I27: =ABS(H27:H37) -> 0.33210458 | J27: =POWER(I27, 2) -> 0.11029345
A28: Среднее значение | B28: 13 | C28: =AVERAGE(C16:C27) -> 526.14167 | D28: - | E28: - | F28: - | G28: =POWER(PRODUCT(G17:G27),1/COUNTA(G17:G27)) -> 101.26736 | H28: - | I28: - | J28: -
A30: Источник: расчеты автора на основе данных ЦДУ ТЭК
A33: Расчетные значения добычи нефти по Европейской части, млн.т
A35: Показатель | C35: Добыча нефти | D35: Х-Хср | E35: |Х-Хср| | F35: (Х-Хср)2 | G35: Сравнение с предущим периодом, % | H35: Х1-Хср | I35: |Х1-Хср| | J35: (Х1-Хср)2 | K35: Добыча нефти относительно общего количества | L35: Х1-Хср | M35: |Х1-Хср| | N35: (Х1-Хср)2
A36: А | B36: Б | C36: В | D36: 1 | E36: 2 | F36: 3 | G36: 4 | H36: 5 | I36: 6 | J36: 7 | K36: 4 | L36: 5 | M36: 6 | N36: 7
A37: 2008 | B37: 1 | C37: - | D37: - | E37: - | F37: - | G37: - | H37: - | I37: - | J37: - | K37: - | L37: - | M37: - | N37: -
A38: 2009 | B38: 2 | C38: - | D38: - | E38: - | F38: - | G38: - | H38: - | I38: - | J38: - | K38: - | L38: - | M38: - | N38: -
A39: 2010 | B39: 3 | C39: - | D39: - | E39: - | F39: - | G39: - | H39: - | I39: - | J39: - | K39: - | L39: - | M39: - | N39: -
A40: 2011 | B40: 4 | C40: - | D40: - | E40: - | F40: - | G40: - | H40: - | I40: - | J40: - | K40: - | L40: - | M40: - | N40: -
A41: 2012 | B41: 5 | C41: - | D41: - | E41: - | F41: - | G41: - | H41: - | I41: - | J41: - | K41: - | L41: - | M41: - | N41: -
A42: 2013 | B42: 6 | C42: - | D42: - | E42: - | F42: - | G42: - | H42: - | I42: - | J42: - | K42: - | L42: - | M42: - | N42: -
A43: 2014 | B43: 7 | C43: {=TRANSPOSE(I6:N6)} -> 155 | D43: =C43-$C$49 -> -6.7833333 | E43: =ABS(D43) -> 6.7833333 | F43: =POWER(E43,2) -> 46.013611 | G43: - | H43: - | I43: - | J43: - | K43: =C43/C22*100 -> 29.422931 | L43: =K43-$K$49 -> -0.23732892 | M43: =ABS(L43) -> 0.23732892 | N43: =POWER(M43, 2) -> 0.056325015
A44: 2015 | B44: 8 | C44: 159 | D44: =C44-$C$49 -> -2.7833333 | E44: =ABS(D44) -> 2.7833333 | F44: =POWER(E44,2) -> 7.7469444 | G44: =C44/C43*100 -> 102.58065 | H44: =G44-$G$49 -> 1.2366171 | I44: =ABS(H44) -> 1.2366171 | J44: =POWER(I44, 2) -> 1.5292218 | K44: =C44/C23*100 -> 29.758563 | L44: =K44-$K$49 -> 0.098302785 | M44: =ABS(L44) -> 0.098302785 | N44: =POWER(M44, 2) -> 0.0096634376
A45: 2016 | B45: 9 | C45: 163.3 | D45: =C45-$C$49 -> 1.5166667 | E45: =ABS(D45) -> 1.5166667 | F45: =POWER(E45,2) -> 2.3002778 | G45: =C45/C44*100 -> 102.7044 | H45: =G45-$G$49 -> 1.3603744 | I45: =ABS(H45) -> 1.3603744 | J45: =POWER(I45, 2) -> 1.8506186 | K45: =C45/C24*100 -> 29.821037 | L45: =K45-$K$49 -> 0.16077743 | M45: =ABS(L45) -> 0.16077743 | N45: =POWER(M45, 2) -> 0.025849383
A46: 2017 | B46: 10 | C46: 163.3 | D46: =C46-$C$49 -> 1.5166667 | E46: =ABS(D46) -> 1.5166667 | F46: =POWER(E46,2) -> 2.3002778 | G46: =C46/C45*100 -> 100 | H46: =G46-$G$49 -> -1.3440281 | I46: =ABS(H46) -> 1.3440281 | J46: =POWER(I46, 2) -> 1.8064115 | K46: =C46/C25*100 -> 29.864667 | L46: =K46-$K$49 -> 0.20440733 | M46: =ABS(L46) -> 0.20440733 | N46: =POWER(M46, 2) -> 0.041782358
A47: 2018 | B47: 11 | C47: 164.4 | D47: =C47-$C$49 -> 2.6166667 | E47: =ABS(D47) -> 2.6166667 | F47: =POWER(E47,2) -> 6.8469444 | G47: =C47/C46*100 -> 100.67361 | H47: =G47-$G$49 -> -0.67042123 | I47: =ABS(H47) -> 0.67042123 | J47: =POWER(I47, 2) -> 0.44946462 | K47: =C47/C26*100 -> 29.568345 | L47: =K47-$K$49 -> -0.091914496 | M47: =ABS(L47) -> 0.091914496 | N47: =POWER(M47, 2) -> 0.0084482747
A48: 2019 | B48: 12 | C48: 165.7 | D48: =C48-$C$49 -> 3.9166667 | E48: =ABS(D48) -> 3.9166667 | F48: =POWER(E48,2) -> 15.340278 | G48: =C48/C47*100 -> 100.79075 | H48: =G48-$G$49 -> -0.55327383 | I48: =ABS(H48) -> 0.55327383 | J48: =POWER(I48, 2) -> 0.30611193 | K48: =C48/C27*100 -> 29.526016 | L48: =K48-$K$49 -> -0.13424414 | M48: =ABS(L48) -> 0.13424414 | N48: =POWER(M48, 2) -> 0.018021489
A49: Среднее значение | B49: 13 | C49: =AVERAGE(C43:C48) -> 161.78333 | D49: - | E49: - | F49: - | G49: =POWER(PRODUCT(G44:G48),1/COUNTA(G44:G48)) -> 101.34403 | H49: - | I49: - | J49: - | K49: =AVERAGE(K43:K48) -> 29.66026 | L49: - | M49: - | N49: -
A51: Источник: расчеты автора на основе данных ЦДУ ТЭК
A54: Расчетные значения добычи нефти по Западной Сибири, млн.т
A56: Показатель | C56: Добыча нефти | D56: Х-Хср | E56: |Х-Хср| | F56: (Х-Хср)2 | G56: Сравнение с предущим периодом, % | H56: Х1-Хср | I56: |Х1-Хср| | J56: (Х1-Хср)2 | K56: Добыча нефти относительно общего количества | L56: Х1-Хср | M56: |Х1-Хср| | N56: (Х1-Хср)2
A57: А | B57: Б | C57: В | D57: 1 | E57: 2 | F57: 3 | G57: 4 | H57: 5 | I57: 6 | J57: 7 | K57: 4 | L57: 5 | M57: 6 | N57: 7
A58: 2008 | B58: 1 | C58: - | D58: - | E58: - | F58: - | G58: - | H58: - | I58: - | J58: - | K58: - | L58: - | M58: - | N58: -
A59: 2009 | B59: 2 | C59: - | D59: - | E59: - | F59: - | G59: - | H59: - | I59: - | J59: - | K59: - | L59: - | M59: - | N59: -
A60: 2010 | B60: 3 | C60: - | D60: - | E60: - | F60: - | G60: - | H60: - | I60: - | J60: - | K60: - | L60: - | M60: - | N60: -
A61: 2011 | B61: 4 | C61: - | D61: - | E61: - | F61: - | G61: - | H61: - | I61: - | J61: - | K61: - | L61: - | M61: - | N61: -
A62: 2012 | B62: 5 | C62: - | D62: - | E62: - | F62: - | G62: - | H62: - | I62: - | J62: - | K62: - | L62: - | M62: - | N62: -
A63: 2013 | B63: 6 | C63: - | D63: - | E63: - | F63: - | G63: - | H63: - | I63: - | J63: - | K63: - | L63: - | M63: - | N63: -
A64: 2014 | B64: 7 | C64: {=TRANSPOSE(I7:N7)} -> 313 | D64: =C64-$C$70 -> -2.05 | E64: =ABS(D64) -> 2.05 | F64: =POWER(E64,2) -> 4.2025 | G64: - | H64: - | I64: - | J64: - | K64: =C64/C22*100 -> 59.415338 | L64: =K64-$K$70 -> 1.6375117 | M64: =ABS(L64) -> 1.6375117 | N64: =POWER(M64, 2) -> 2.6814445
A65: 2015 | B65: 8 | C65: 311.8 | D65: =C65-$C$70 -> -3.25 | E65: =ABS(D65) -> 3.25 | F65: =POWER(E65,2) -> 10.5625 | G65: =C65/C64*100 -> 99.616613 | H65: =G65-$G$70 -> -0.79531435 | I65: =ABS(H65) -> 0.79531435 | J65: =POWER(I65, 2) -> 0.63252491 | K65: =C65/C23*100 -> 58.356728 | L65: =K65-$K$70 -> 0.57890222 | M65: =ABS(L65) -> 0.57890222 | N65: =POWER(M65, 2) -> 0.33512778
A66: 2016 | B66: 9 | C66: 315.5 | D66: =C66-$C$70 -> 0.45 | E66: =ABS(D66) -> 0.45 | F66: =POWER(E66,2) -> 0.2025 | G66: =C66/C65*100 -> 101.18666 | H66: =G66-$G$70 -> 0.77473035 | I66: =ABS(H66) -> 0.77473035 | J66: =POWER(I66, 2) -> 0.60020711 | K66: =C66/C24*100 -> 57.615047 | L66: =K66-$K$70 -> -0.16277873 | M66: =ABS(L66) -> 0.16277873 | N66: =POWER(M66, 2) -> 0.026496916
A67: 2017 | B67: 10 | C67: 313.6 | D67: =C67-$C$70 -> -1.45 | E67: =ABS(D67) -> 1.45 | F67: =POWER(E67,2) -> 2.1025 | G67: =C67/C66*100 -> 99.397781 | H67: =G67-$G$70 -> -1.0141465 | I67: =ABS(H67) -> 1.0141465 | J67: =POWER(I67, 2) -> 1.0284931 | K67: =C67/C25*100 -> 57.351865 | L67: =K67-$K$70 -> -0.42596081 | M67: =ABS(L67) -> 0.42596081 | N67: =POWER(M67, 2) -> 0.18144261
A68: 2018 | B68: 11 | C68: 316.9 | D68: =C68-$C$70 -> 1.85 | E68: =ABS(D68) -> 1.85 | F68: =POWER(E68,2) -> 3.4225 | G68: =C68/C67*100 -> 101.0523 | H68: =G68-$G$70 -> 0.64036815 | I68: =ABS(H68) -> 0.64036815 | J68: =POWER(I68, 2) -> 0.41007137 | K68: =C68/C26*100 -> 56.996403 | L68: =K68-$K$70 -> -0.78142333 | M68: =ABS(L68) -> 0.78142333 | N68: =POWER(M68, 2) -> 0.61062243
A69: 2019 | B69: 12 | C69: 319.5 | D69: =C69-$C$70 -> 4.45 | E69: =ABS(D69) -> 4.45 | F69: =POWER(E69,2) -> 19.8025 | G69: =C69/C68*100 -> 100.82045 | H69: =G69-$G$70 -> 0.40852033 | I69: =ABS(H69) -> 0.40852033 | J69: =POWER(I69, 2) -> 0.16688886 | K69: =C69/C27*100 -> 56.931575 | L69: =K69-$K$70 -> -0.84625102 | M69: =ABS(L69) -> 0.84625102 | N69: =POWER(M69, 2) -> 0.71614078
A70: Среднее значение | B70: 13 | C70: =AVERAGE(C64:C69) -> 315.05 | D70: - | E70: - | F70: - | G70: =POWER(PRODUCT(G65:G69), 1/COUNTA(G65:G69)) -> 100.41193 | H70: - | I70: - | J70: - | K70: =AVERAGE(K64:K69) -> 57.777826 | L70: - | M70: - | N70: -
A72: Источник: расчеты автора на основе данных ЦДУ ТЭК
A75: Расчетные значения добычи нефти по Восточной Сибири и Дальнему Востоку, млн.т
A77: Показатель | C77: Добыча нефти | D77: Х-Хср | E77: |Х-Хср| | F77: (Х-Хср)2 | G77: Сравнение с предущим периодом, % | H77: Х1-Хср | I77: |Х1-Хср| | J77: (Х1-Хср)2 | K77: Добыча нефти относительно общего количества | L77: Х1-Хср | M77: |Х1-Хср| | N77: (Х1-Хср)2
A78: А | B78: Б | C78: В | D78: 1 | E78: 2 | F78: 3 | G78: 4 | H78: 5 | I78: 6 | J78: 7 | K78: 4 | L78: 5 | M78: 6 | N78: 7
A79: 2008 | B79: 1 | C79: - | D79: - | E79: - | F79: - | G79: - | H79: - | I79: - | J79: - | K79: - | L79: - | M79: - | N79: -
A80: 2009 | B80: 2 | C80: - | D80: - | E80: - | F80: - | G80: - | H80: - | I80: - | J80: - | K80: - | L80: - | M80: - | N80: -
A81: 2010 | B81: 3 | C81: - | D81: - | E81: - | F81: - | G81: - | H81: - | I81: - | J81: - | K81: - | L81: - | M81: - | N81: -
A82: 2011 | B82: 4 | C82: - | D82: - | E82: - | F82: - | G82: - | H82: - | I82: - | J82: - | K82: - | L82: - | M82: - | N82: -
A83: 2012 | B83: 5 | C83: - | D83: - | E83: - | F83: - | G83: - | H83: - | I83: - | J83: - | K83: - | L83: - | M83: - | N83: -
A84: 2013 | B84: 6 | C84: - | D84: - | E84: - | F84: - | G84: - | H84: - | I84: - | J84: - | K84: - | L84: - | M84: - | N84: -
A85: 2014 | B85: 7 | C85: {=TRANSPOSE(I8:N8)} -> 58.8 | D85: =C85-$C$91 -> -9.8 | E85: =ABS(D85) -> 9.8 | F85: =POWER(E85,2) -> 96.04 | G85: - | H85: - | I85: - | J85: - | K85: =C85/C22*100 -> 11.161731 | L85: =K85-$K$91 -> -1.3972609 | M85: =ABS(L85) -> 1.3972609 | N85: =POWER(M85, 2) -> 1.9523381
A86: 2015 | B86: 8 | C86: 63.6 | D86: =C86-$C$91 -> -5 | E86: =ABS(D86) -> 5 | F86: =POWER(E86,2) -> 25 | G86: =C86/C85*100 -> 108.16327 | H86: =G86-$G$91 -> 2.8974755 | I86: =ABS(H86) -> 2.8974755 | J86: =POWER(I86, 2) -> 8.3953644 | K86: =C86/C23*100 -> 11.903425 | L86: =K86-$K$91 -> -0.65556709 | M86: =ABS(L86) -> 0.65556709 | N86: =POWER(M86, 2) -> 0.4297682
A87: 2016 | B87: 9 | C87: 68.7 | D87: =C87-$C$91 -> 0.1 | E87: =ABS(D87) -> 0.1 | F87: =POWER(E87,2) -> 0.01 | G87: =C87/C86*100 -> 108.01887 | H87: =G87-$G$91 -> 2.7530781 | I87: =ABS(H87) -> 2.7530781 | J87: =POWER(I87, 2) -> 7.5794392 | K87: =C87/C24*100 -> 12.545654 | L87: =K87-$K$91 -> -0.013338366 | M87: =ABS(L87) -> 0.013338366 | N87: =POWER(M87, 2) -> 0.00017791201
A88: 2017 | B88: 10 | C88: 69.9 | D88: =C88-$C$91 -> 1.3 | E88: =ABS(D88) -> 1.3 | F88: =POWER(E88,2) -> 1.69 | G88: =C88/C87*100 -> 101.74672 | H88: =G88-$G$91 -> -3.5190649 | I88: =ABS(H88) -> 3.5190649 | J88: =POWER(I88, 2) -> 12.383818 | K88: =C88/C25*100 -> 12.783467 | L88: =K88-$K$91 -> 0.22447532 | M88: =ABS(L88) -> 0.22447532 | N88: =POWER(M88, 2) -> 0.050389169
A89: 2018 | B89: 11 | C89: 74.6 | D89: =C89-$C$91 -> 6 | E89: =ABS(D89) -> 6 | F89: =POWER(E89,2) -> 36 | G89: =C89/C88*100 -> 106.72389 | H89: =G89-$G$91 -> 1.4581015 | I89: =ABS(H89) -> 1.4581015 | J89: =POWER(I89, 2) -> 2.1260599 | K89: =C89/C26*100 -> 13.417266 | L89: =K89-$K$91 -> 0.85827406 | M89: =ABS(L89) -> 0.85827406 | N89: =POWER(M89, 2) -> 0.73663436
A90: 2019 | B90: 12 | C90: 76 | D90: =C90-$C$91 -> 7.4 | E90: =ABS(D90) -> 7.4 | F90: =POWER(E90,2) -> 54.76 | G90: =C90/C89*100 -> 101.87668 | H90: =G90-$G$91 -> -3.3891142 | I90: =ABS(H90) -> 3.3891142 | J90: =POWER(I90, 2) -> 11.486095 | K90: =C90/C27*100 -> 13.542409 | L90: =K90-$K$91 -> 0.983417 | M90: =ABS(L90) -> 0.983417 | N90: =POWER(M90, 2) -> 0.96710899
A91: Среднее значение | B91: 13 | C91: =AVERAGE(C85:C90) -> 68.6 | D91: - | E91: - | F91: - | G91: =POWER(PRODUCT(G86:G90), 1/COUNTA(G86:G90)) -> 105.26579 | H91: - | I91: - | J91: - | K91: =AVERAGE(K85:K90) -> 12.558992 | L91: - | M91: - | N91: -
A94: Сопоставление добычи нефти по регионам, по годам, млн. т
A95: Показатель | C95: 2008 | D95: 2009 | E95: 2010 | F95: 2011 | G95: 2012 | H95: 2013 | I95: 2014 | J95: 2015 | K95: 2016 | L95: 2017 | M95: 2018 | N95: 2019
A96: А | B96: Б | C96: 1 | D96: 2 | E96: 3 | F96: 4 | G96: 5 | H96: 6 | I96: 7 | J96: 8 | K96: 9 | L96: 10 | M96: 11 | N96: 12
A97: Европейская часть | B97: 1 | C97: УЧЕТ НЕ ОСУЩЕСТВЛЯЛСЯ (н/д) | I97: - | J97: =J6-I6 -> 4 | K97: =K6-J6 -> 4.3 | L97: =L6-K6 -> 0 | M97: =M6-L6 -> 1.1 | N97: =N6-M6 -> 1.3
A98: Западная Сибирь | B98: 2 | I98: - | J98: =J7-I7 -> -1.2 | K98: =K7-J7 -> 3.7 | L98: =L7-K7 -> -1.9 | M98: =M7-L7 -> 3.3 | N98: =N7-M7 -> 2.6
A99: Восточная Сибирь и Дальний Восток | B99: 3 | I99: - | J99: =J8-I8 -> 4.8 | K99: =K8-J8 -> 5.1 | L99: =L8-K8 -> 1.2 | M99: =M8-L8 -> 4.7 | N99: =N8-M8 -> 1.4
A101: Источник: расчет автора на основе данных ЦДУ ТЭК.
A104: Сопоставление добычи нефти по регионам, по сравнению с предыдущим периодом, %
A106: Показатель | C106: 2008 | D106: 2009 | E106: 2010 | F106: 2011 | G106: 2012 | H106: 2013 | I106: 2014 | J106: 2015 | K106: 2016 | L106: 2017 | M106: 2018 | N106: 2019 | O106: Среднее значение добычи нефти | P106: Xmax | Q106: Xmin | R106: Амплитуда, R | S106: Q1 | T106: Q3 | U106: Медиана, ME | V106: Межквартильный размах, IQR | W106: Среднее линейное отклонение, L | X106: Дисперсия | Y106: Среднеквадратическое отклонение, СКО | Z106: Коэффициент осциляции (VR), % | AA106: Коэффициент линейного отклонения (VL), % | AB106: Коэффициент вариации (V), %
A107: А | B107: Б | C107: 1 | D107: 2 | E107: 3 | F107: 4 | G107: 5 | H107: 6 | I107: 7 | J107: 8 | K107: 9 | L107: 10 | M107: 11 | N107: 12 | O107: 13 | P107: 14 | Q107: 15 | R107: 16 | S107: 17 | T107: 18 | U107: 19 | V107: 20 | W107: 21 | X107: 23 | Y107: 24 | Z107: 25 | AA107: 26 | AB107: 27
A108: Всего | B108: 1 | C108: - | D108: =D5/C5*100 -> 101.1666 | E108: =E5/D5*100 -> 102.20514 | F108: =F5/E5*100 -> 101.22724 | G108: =G5/F5*100 -> 101.31013 | H108: =H5/G5*100 -> 101.02297 | I108: =I5/H5*100 -> 100.6496 | J108: =J5/I5*100 -> 101.42369 | K108: =K5/J5*100 -> 102.48924 | ... N108: =N5/M5*100 -> 100.93525 | O108: =POWER(PRODUCT(D108:N108), 1/COUNTA(D108:N108)) -> 101.26736 | P108: =QUARTILE(D108:N108,4) -> 102.48924 | Q108: =QUARTILE(D108:N108, 0) -> 99.853908 | R108: =P108-Q108 -> 2.6353303 | S108: =QUARTILE(D108:N108,1) -> 100.97911 | T108: =QUARTILE(D108:N108, 3) -> 101.5531 | U108: =QUARTILE(D108:N108, 2) -> 101.22724 | V108: 101,2 (Q1-Q3: 101,0-101,6) | W108: =SUM(E16:E27)/COUNTA(E16:E27) -> 19.308333 | X108: =SUM(F16:F27)/COUNTA(F16:F27) -> 518.84576 | Y108: =SQRT(X108) -> 22.778186 | Z108: =R108/O108*100 -> 2.6023493 | AA108: =W108/O108*100 -> 19.06669 | AB108: =Y108/O108*100 -> 22.493118
A109: Европейская часть | B109: 2 | C109: УЧЕТ НЕ ОСУЩЕСТВЛЯЛСЯ (н/д) | I109: - | J109: =J6/I6*100 -> 102.58065 | K109: =K6/J6*100 -> 102.7044 | L109: =L6/K6*100 -> 100 | M109: =M6/L6*100 -> 100.67361 | N109: =N6/M6*100 -> 100.79075 | O109: =POWER(PRODUCT(J109:N109), 1/COUNTA(J109:N109)) -> 101.34403 | P109: =QUARTILE(J109:N109,4) -> 102.7044 | Q109: =QUARTILE(J109:N109, 0) -> 100 | R109: =P109-Q109 -> 2.7044025 | S109: =QUARTILE(J109:N109,1) -> 100.67361 | T109: =QUARTILE(J109:N109, 3) -> 102.58065 | U109: =QUARTILE(J109:N109, 2) -> 100.79075 | V109: 100,8 (Q1-Q3: 100,7-102,6) | W109: =SUM(E43:E48)/COUNTA(E43:E48) -> 3.1888889 | X109: =SUM(F43:F48)/COUNTA(F43:F48) -> 13.424722 | Y109: =SQRT(X109) -> 3.6639763 | Z109: =R109/O109*100 -> 2.6685366 | AA109: =W109/O109*100 -> 3.1465977 | AB109: =Y109/O109*100 -> 3.6153845
A110: Западная Сибирь | B110: 3 | I110: - | J110: =J7/I7*100 -> 99.616613 | K110: =K7/J7*100 -> 101.18666 | L110: =L7/K7*100 -> 99.397781 | M110: =M7/L7*100 -> 101.0523 | N110: =N7/M7*100 -> 100.82045 | O110: =POWER(PRODUCT(J110:N110), 1/COUNTA(J110:N110)) -> 100.41193 | P110: =QUARTILE(J110:N110,4) -> 101.18666 | Q110: =QUARTILE(J110:N110, 0) -> 99.397781 | R110: =P110-Q110 -> 1.7888768 | S110: =QUARTILE(J110:N110,1) -> 99.616613 | T110: =QUARTILE(J110:N110, 3) -> 101.0523 | U110: =QUARTILE(J110:N110, 2) -> 100.82045 | V110: 100,8 (Q1-Q3: 99,6-101,1) | W110: =SUM(E64:E69)/COUNTA(E64:E69) -> 2.25 | X110: =SUM(F64:F69)/COUNTA(F64:F69) -> 6.7158333 | Y110: =SQRT(X110) -> 2.5914925 | Z110: =R110/O110*100 -> 1.7815382 | AA110: =W110/O110*100 -> 2.2407696 | AB110: =Y110/O110*100 -> 2.5808612
A111: Восточная Сибирь и Дальний Восток | B111: 4 | I111: - | J111: =J8/I8*100 -> 108.16327 | K111: =K8/J8*100 -> 108.01887 | L111: =L8/K8*100 -> 101.74672 | M111: =M8/L8*100 -> 106.72389 | N111: =N8/M8*100 -> 101.87668 | O111: =POWER(PRODUCT(J111:N111), 1/COUNTA(J111:N111)) -> 105.26579 | P111: =QUARTILE(J111:N111,4) -> 108.16327 | Q111: =QUARTILE(J111:N111, 0) -> 101.74672 | R111: =P111-Q111 -> 6.4165404 | S111: =QUARTILE(J111:N111,1) -> 101.87668 | T111: =QUARTILE(J111:N111, 3) -> 108.01887 | U111: =QUARTILE(J111:N111, 2) -> 106.72389 | V111: 106,7 (Q1-Q3: 101,9-108,0) | W111: =SUM(E85:E90)/COUNTA(E85:E90) -> 4.9333333 | X111: =SUM(F85:F90)/COUNTA(F85:F90) -> 35.583333 | Y111: =SQRT(X111) -> 5.9651767 | Z111: =R111/O111*100 -> 6.095561 | AA111: =W111/O111*100 -> 4.6865495 | AB111: =Y111/O111*100 -> 5.6667762
A114: Сопоставление добычи нефти в сравнении с Европейской частью, млн. т
A115: Показатель | C115: 2008 | D115: 2009 | E115: 2010 | F115: 2011 | G115: 2012 | H115: 2013 | I115: 2014 | J115: 2015 | K115: 2016 | L115: 2017 | M115: 2018 | N115: 2019
A116: А | B116: Б | C116: 1 | D116: 2 | E116: 3 | F116: 4 | G116: 5 | H116: 6 | I116: 7 | J116: 8 | K116: 9 | L116: 10 | M116: 11 | N116: 12
A117: Западная Сибирь | B117: 1 | C117: УЧЕТ НЕ ОСУЩЕСТВЛЯЛСЯ (н/д) | I117: =I7-I$6 -> 158 | J117: =J7-J$6 -> 152.8 | K117: =K7-K$6 -> 152.2 | L117: =L7-L$6 -> 150.3 | M117: =M7-M$6 -> 152.5 | N117: =N7-N$6 -> 153.8
A118: Восточная Сибирь и Дальний Восток | B118: 2 | I118: =I8-I$6 -> -96.2 | J118: =J8-J$6 -> -95.4 | K118: =K8-K$6 -> -94.6 | L118: =L8-L$6 -> -93.4 | M118: =M8-M$6 -> -89.8 | N118: =N8-N$6 -> -89.7
A120: Источник: расчет автора на основе данных ЦДУ ТЭК.
A122: Сопоставление данных о добыче нефти, по сравнению с базовым периодом (2014=0), %
A123: Показатель | C123: 2008 | D123: 2009 | E123: 2010 | F123: 2011 | G123: 2012 | H123: 2013 | I123: 2014 | J123: 2015 | K123: 2016 | L123: 2017 | M123: 2018 | N123: 2019
A124: А | B124: Б | C124: 1 | D124: 2 | E124: 3 | F124: 4 | G124: 5 | H124: 6 | I124: 7 | J124: 8 | K124: 9 | L124: 10 | M124: 11 | N124: 12
A125: Европейская часть | B125: 1 | C125: УЧЕТ НЕ ОСУЩЕСТВЛЯЛСЯ (н/д) | I125: =(I6/$I6)*100 -> 100 | J125: =(J6/$I6)*100 -> 102.58065 | K125: =(K6/$I6)*100 -> 105.35484 | L125: =(L6/$I6)*100 -> 105.35484 | M125: =(M6/$I6)*100 -> 106.06452 | N125: =(N6/$I6)*100 -> 106.90323
A126: Западная Сибирь | B126: 2 | I126: =(I7/$I7)*100 -> 100 | J126: =(J7/$I7)*100 -> 99.616613 | K126: =(K7/$I7)*100 -> 100.79872 | L126: =(L7/$I7)*100 -> 100.19169 | M126: =(M7/$I7)*100 -> 101.24601 | N126: =(N7/$I7)*100 -> 102.07668
...

Sheet 1.3
A1: Добыча нефти по новым источникам добычи, по годам, млн. т
A3: Показатель | C3: 2008 | D3: 2009 | E3: 2010 | F3: 2011 | G3: 2012 | H3: 2013 | I3: 2014 | J3: 2015 | K3: 2016 | L3: 2017 | M3: 2018 | N3: 2019 | O3: Среднее значение добычи за 2008-2019 | P3: Xmax | Q3: Xmin | R3: Амплитуда, R | S3: Q1 | T3: Q3 | U3: Медиана, Ме | V3: Межквартильный размах, IQR | W3: Среднее линейное отклонение, L | X3: Дисперсия | Y3: Среднеквадратическое отклонение, СКО | Z3: Коэффициент осциляции (VR), % | AA3: Коэффициент линейного отклонения (VL), % | AB3: Коэффициент вариации (V), %
A4: А | B4: Б | C4: 1 | D4: 2 | E4: 3 | F4: 4 | G4: 5 | H4: 6 | I4: 7 | J4: 8 | K4: 9 | L4: 10 | M4: 11 | N4: 12 | O4: 13 | P4: 14 | Q4: 15 | R4: 16 | S4: 17 | T4: 18 | U4: 19 | V4: 20 | W4: 21 | X4: 23 | Y4: 24 | Z4: 25 | AA4: 26 | AB4: 27
A5: Всего | B5: 1 | C5: ='1.1'!C5 -> 488.6 | D5: ='1.1'!D5 -> 494.3 | E5: ='1.1'!E5 -> 505.2 | F5: ='1.1'!F5 -> 511.4 | G5: ='1.1'!G5 -> 518.1 | H5: ='1.1'!H5 -> 523.4 | I5: ='1.1'!I5 -> 526.8 | J5: ='1.1'!J5 -> 534.3 | ... N5: ='1.1'!N5 -> 561.2 | O5: =AVERAGE(C5:N5) -> 526.14167 | P5: =QUARTILE(C5:N5,4) -> 561.2 | Q5: =QUARTILE(C5:N5, 0) -> 488.6 | R5: =P5-Q5 -> 72.6 | S5: =QUARTILE(C5:N5,1) -> 509.85 | T5: =QUARTILE(C5:N5, 3) -> 547 | U5: =QUARTILE(C5:N5, 2) -> 525.1 | V5: 525,1 (Q1-Q3: 509,9-547,0) | W5: =SUM(E16:E27)/COUNTA(E16:E27) -> 19.308333 | X5: =SUM(F16:F27)/COUNTA(F16:F27) -> 518.84576 | Y5: =SQRT(X5) -> 22.778186 | Z5: =R5/O5*100 -> 13.798565 | AA5: =W5/O5*100 -> 3.6697974 | AB5: =Y5/O5*100 -> 4.3292876
A6: Добыча нефти на новых месторождениях ("гринфилдах") | B6: 2 | C6: н/д | D6: 31.4 | E6: 38 | F6: 37.4 | G6: 37.6 | H6: 37.3 | I6: 40.8 | J6: 20.2 | K6: 31 | L6: 37 | M6: 42 | N6: 41.3 | O6: =AVERAGE(C6:N6) -> 35.818182 | P6: =QUARTILE(D6:N6,4) -> 42 | Q6: =QUARTILE(D6:N6, 0) -> 20.2 | R6: =P6-Q6 -> 21.8 | S6: =QUARTILE(D6:N6,1) -> 34.2 | T6: =QUARTILE(D6:N6, 3) -> 39.4 | U6: =QUARTILE(D6:N6, 2) -> 37.4 | V6: 37,4 (Q1-Q3: 34,2-39,4) | W6: =SUM(E39:E49)/COUNTA(E39:E49) -> 4.5190083 | X6: =SUM(F39:F49)/COUNTA(F39:F49) -> 35.797851 | Y6: =SQRT(X6) -> 5.9831306 | Z6: =R6/O6*100 -> 60.862944 | AA6: =W6/O6*100 -> 12.616521 | AB6: =Y6/O6*100 -> 16.704172
A7: Добыча нефти на шельфе | B7: 3 | C7: н/д | D7: 15.3 | E7: 14.7 | F7: 15.4 | G7: 14.6 | H7: 15 | I7: 16.2 | J7: 19.1 | K7: 22.3 | L7: 25.7 | M7: 29.1 | N7: 30 | O7: =AVERAGE(C7:N7) -> 19.763636 | P7: =QUARTILE(D7:N7,4) -> 30 | Q7: =QUARTILE(D7:N7, 0) -> 14.6 | R7: =P7-Q7 -> 15.4 | S7: =QUARTILE(D7:N7,1) -> 15.15 | T7: =QUARTILE(D7:N7, 3) -> 24 | U7: =QUARTILE(D7:N7, 2) -> 16.2 | V7: 16,2 (Q1-Q3: 15,2-24,0) | W7: =SUM(E60:E70)/COUNTA(E60:E70) -> 16.054545 | X7: =SUM(F60:F70)/COUNTA(F60:F70) -> 290.54165 | Y7: =SQRT(X7) -> 17.045282 | Z7: =R7/O7*100 -> 77.920883 | AA7: =W7/O7*100 -> 81.232751 | AB7: =Y7/O7*100 -> 86.245679
A9: Источник: данные ЦДУ ТЭК.
A12: Расчетные значения добычи нефти по новым источникам, по годам (всего), млн.т
A14: Год | C14: Добыча нефти | D14: Х-Хср | E14: |Х-Хср| | F14: (Х-Хср)2
A15: А | B15: Б | C15: В | D15: 1 | E15: 2 | F15: 3
A16: 2008 | B16: 1 | C16: {=TRANSPOSE(C5:N5)} -> 488.6 | D16: =C16-$C$28 -> -37.541667 | E16: =ABS(D16) -> 37.541667 | F16: =POWER(E16,2) -> 1409.3767
A17: 2009 | B17: 2 | C17: 494.3 | D17: =C17-$C$28 -> -31.841667 | E17: =ABS(D17) -> 31.841667 | F17: =POWER(E17,2) -> 1013.8917
A18: 2010 | B18: 3 | C18: 505.2 | D18: =C18-$C$28 -> -20.941667 | E18: =ABS(D18) -> 20.941667 | F18: =POWER(E18,2) -> 438.5534
A19: 2011 | B19: 4 | C19: 511.4 | D19: =C19-$C$28 -> -14.741667 | E19: =ABS(D19) -> 14.741667 | F19: =POWER(E19,2) -> 217.31674
A20: 2012 | B20: 5 | C20: 518.1 | D20: =C20-$C$28 -> -8.0416667 | E20: =ABS(D20) -> 8.0416667 | F20: =POWER(E20,2) -> 64.668403
A21: 2013 | B21: 6 | C21: 523.4 | D21: =C21-$C$28 -> -2.7416667 | E21: =ABS(D21) -> 2.7416667 | F21: =POWER(E21,2) -> 7.5167361
A22: 2014 | B22: 7 | C22: 526.8 | D22: =C22-$C$28 -> 0.65833333 | E22: =ABS(D22) -> 0.65833333 | F22: =POWER(E22,2) -> 0.43340278
A23: 2015 | B23: 8 | C23: 534.3 | D23: =C23-$C$28 -> 8.1583333 | E23: =ABS(D23) -> 8.1583333 | F23: =POWER(E23,2) -> 66.558403
A24: 2016 | B24: 9 | C24: 547.6 | D24: =C24-$C$28 -> 21.458333 | E24: =ABS(D24) -> 21.458333 | F24: =POWER(E24,2) -> 460.46007
A25: 2017 | B25: 10 | C25: 546.8 | D25: =C25-$C$28 -> 20.658333 | E25: =ABS(D25) -> 20.658333 | F25: =POWER(E25,2) -> 426.76674
A26: 2018 | B26: 11 | C26: 556 | D26: =C26-$C$28 -> 29.858333 | E26: =ABS(D26) -> 29.858333 | F26: =POWER(E26,2) -> 891.52007
A27: 2019 | B27: 12 | C27: 561.2 | D27: =C27-$C$28 -> 35.058333 | E27: =ABS(D27) -> 35.058333 | F27: =POWER(E27,2) -> 1229.0867
A28: Среднее значение | B28: 13 | C28: =AVERAGE(C16:C27) -> 526.14167 | D28: - | E28: - | F28: -
A30: Источник: расчеты автора на основе данных ЦДУ ТЭК
A34: Расчетные значения добычи нефти на новых источниках "гринфилдах", по годам (всего), млн.т
A36: Год | C36: Добыча нефти | D36: Х-Хср | E36: |Х-Хср| | F36: (Х-Хср)2 | G36: Добыча нефти в общем количестве, % | H36: Х1-Хср | I36: |Х1-Хср| | J36: (Х1-Хср)2
A37: А | B37: Б | C37: В | D37: 1 | E37: 2 | F37: 3 | G37: 4 | H37: 5 | I37: 6 | J37: 7
A38: 2008 | B38: 1 | C38: - | D38: - | E38: - | F38: - | G38: - | H38: - | I38: - | J38: -
A39: 2009 | B39: 2 | C39: {=TRANSPOSE(D6:N6)} -> 31.4 | D39: =C39-$C$50 -> -4.4181818 | E39: =ABS(D39) -> 4.4181818 | F39: =POWER(E39,2) -> 19.520331 | G39: =C39/C17*100 -> 6.3524176 | H39: =G39-$G$50 -> -0.41464007 | I39: =ABS(H39) -> 0.41464007 | J39: =POWER(I39,2) -> 0.17192638
A40: 2010 | B40: 3 | C40: 38 | D40: =C40-$C$50 -> 2.1818182 | E40: =ABS(D40) -> 2.1818182 | F40: =POWER(E40,2) -> 4.7603306 | G40: =C40/C18*100 -> 7.5217736 | H40: =G40-$G$50 -> 0.75471593 | I40: =ABS(H40) -> 0.75471593 | J40: =POWER(I40,2) -> 0.56959613
A41: 2011 | B41: 4 | C41: 37.4 | D41: =C41-$C$50 -> 1.5818182 | E41: =ABS(D41) -> 1.5818182 | F41: =POWER(E41,2) -> 2.5021488 | G41: =C41/C19*100 -> 7.3132577 | H41: =G41-$G$50 -> 0.5462001 | I41: =ABS(H41) -> 0.5462001 | J41: =POWER(I41,2) -> 0.29833455
A42: 2012 | B42: 5 | C42: 37.6 | D42: =C42-$C$50 -> 1.7818182 | E42: =ABS(D42) -> 1.7818182 | F42: =POWER(E42,2) -> 3.174876 | G42: =C42/C20*100 -> 7.2572862 | H42: =G42-$G$50 -> 0.49022861 | I42: =ABS(H42) -> 0.49022861 | J42: =POWER(I42,2) -> 0.24032409
A43: 2013 | B43: 6 | C43: 37.3 | D43: =C43-$C$50 -> 1.4818182 | E43: =ABS(D43) -> 1.4818182 | F43: =POWER(E43,2) -> 2.1957851 | G43: =C43/C21*100 -> 7.1264807 | H43: =G43-$G$50 -> 0.35942308 | I43: =ABS(H43) -> 0.35942308 | J43: =POWER(I43,2) -> 0.12918495
A44: 2014 | B44: 7 | C44: 40.8 | D44: =C44-$C$50 -> 4.9818182 | E44: =ABS(D44) -> 4.9818182 | F44: =POWER(E44,2) -> 24.818512 | G44: =C44/C22*100 -> 7.7448747 | H44: =G44-$G$50 -> 0.97781709 | I44: =ABS(H44) -> 0.97781709 | J44: =POWER(I44,2) -> 0.95612626
A45: 2015 | B45: 8 | C45: 20.2 | D45: =C45-$C$50 -> -15.618182 | E45: =ABS(D45) -> 15.618182 | F45: =POWER(E45,2) -> 243.9276 | G45: =C45/C23*100 -> 3.7806476 | H45: =G45-$G$50 -> -2.98641 | I45: =ABS(H45) -> 2.98641 | J45: =POWER(I45,2) -> 8.918645
A46: 2016 | B46: 9 | C46: 31 | D46: =C46-$C$50 -> -4.8181818 | E46: =ABS(D46) -> 4.8181818 | F46: =POWER(E46,2) -> 23.214876 | G46: =C46/C24*100 -> 5.6610665 | H46: =G46-$G$50 -> -1.1059912 | I46: =ABS(H46) -> 1.1059912 | J46: =POWER(I46,2) -> 1.2232164
A47: 2017 | B47: 10 | C47: 37 | D47: =C47-$C$50 -> 1.1818182 | E47: =ABS(D47) -> 1.1818182 | F47: =POWER(E47,2) -> 1.3966942 | G47: =C47/C25*100 -> 6.7666423 | H47: =G47-$G$50 -> -0.00041534323 | I47: =ABS(H47) -> 0.00041534323 | J47: =POWER(I47,2) -> 1.7251e-07
A48: 2018 | B48: 11 | C48: 42 | D48: =C48-$C$50 -> 6.1818182 | E48: =ABS(D48) -> 6.1818182 | F48: =POWER(E48,2) -> 38.214876 | G48: =C48/C26*100 -> 7.5539568 | H48: =G48-$G$50 -> 0.78689921 | I48: =ABS(H48) -> 0.78689921 | J48: =POWER(I48,2) -> 0.61921037
A49: 2019 | B49: 12 | C49: 41.3 | D49: =C49-$C$50 -> 5.4818182 | E49: =ABS(D49) -> 5.4818182 | F49: =POWER(E49,2) -> 30.050331 | G49: =C49/C27*100 -> 7.3592302 | H49: =G49-$G$50 -> 0.5921726 | I49: =ABS(H49) -> 0.5921726 | J49: =POWER(I49,2) -> 0.35066838
A50: Среднее значение | B50: 13 | C50: =AVERAGE(C39:C49) -> 35.818182 | D50: - | E50: - | F50: - | G50: =AVERAGE(G39:G49) -> 6.7670576 | H50: - | I50: - | J50: -
A52: Источник: расчеты автора на основе данных ЦДУ ТЭК
A55: Расчетные значения добычи нефти по новым источникам, по годам (всего), млн.т
A57: Год | C57: Добыча нефти | D57: Х-Хср | E57: |Х-Хср| | F57: (Х-Хср)2 | G57: Добыча нефти в общем количестве, % | H57: Х1-Хср | I57: |Х1-Хср| | J57: (Х1-Хср)2
A58: А | B58: Б | C58: В | D58: 1 | E58: 2 | F58: 3 | G58: 4 | H58: 5 | I58: 6 | J58: 7
A59: 2008 | B59: 1 | C59: - | D59: - | E59: - | F59: - | G59: - | H59: - | I59: - | J59: -
A60: 2009 | B60: 2 | C60: {=TRANSPOSE(D7:N7)} -> 15.3 | D60: =C60-$C$50 -> -20.518182 | E60: =ABS(D60) -> 20.518182 | F60: =POWER(E60,2) -> 420.99579 | G60: =C60/C17*100 -> 3.0952863 | H60: =G60-$G$50 -> -3.6717714 | I60: =ABS(H60) -> 3.6717714 | J60: =POWER(I60,2) -> 13.481905
A61: 2010 | B61: 3 | C61: 14.7 | D61: =C61-$C$50 -> -21.118182 | E61: =ABS(D61) -> 21.118182 | F61: =POWER(E61,2) -> 445.9776 | G61: =C61/C18*100 -> 2.9097387 | H61: =G61-$G$50 -> -3.8573189 | I61: =ABS(H61) -> 3.8573189 | J61: =POWER(I61,2) -> 14.878909
A62: 2011 | B62: 4 | C62: 15.4 | D62: =C62-$C$50 -> -20.418182 | E62: =ABS(D62) -> 20.418182 | F62: =POWER(E62,2) -> 416.90215 | G62: =C62/C19*100 -> 3.0113414 | H62: =G62-$G$50 -> -3.7557162 | I62: =ABS(H62) -> 3.7557162 | J62: =POWER(I62,2) -> 14.105404
A63: 2012 | B63: 5 | C63: 14.6 | D63: =C63-$C$50 -> -21.218182 | E63: =ABS(D63) -> 21.218182 | F63: =POWER(E63,2) -> 450.21124 | G63: =C63/C20*100 -> 2.8179888 | H63: =G63-$G$50 -> -3.9490688 | I63: =ABS(H63) -> 3.9490688 | J63: =POWER(I63,2) -> 15.595145
A64: 2013 | B64: 6 | C64: 15 | D64: =C64-$C$50 -> -20.818182 | E64: =ABS(D64) -> 20.818182 | F64: =POWER(E64,2) -> 433.39669 | G64: =C64/C21*100 -> 2.865877 | H64: =G64-$G$50 -> -3.9011807 | I64: =ABS(H64) -> 3.9011807 | J64: =POWER(I64,2) -> 15.219211
A65: 2014 | B65: 7 | C65: 16.2 | D65: =C65-$C$50 -> -19.618182 | E65: =ABS(D65) -> 19.618182 | F65: =POWER(E65,2) -> 384.87306 | G65: =C65/C22*100 -> 3.0751708 | H65: =G65-$G$50 -> -3.6918868 | I65: =ABS(H65) -> 3.6918868 | J65: =POWER(I65,2) -> 13.630028
A66: 2015 | B66: 8 | C66: 19.1 | D66: =C66-$C$50 -> -16.718182 | E66: =ABS(D66) -> 16.718182 | F66: =POWER(E66,2) -> 279.4976 | G66: =C66/C23*100 -> 3.5747707 | H66: =G66-$G$50 -> -3.1922869 | I66: =ABS(H66) -> 3.1922869 | J66: =POWER(I66,2) -> 10.190696
A67: 2016 | B67: 9 | C67: 22.3 | D67: =C67-$C$50 -> -13.518182 | E67: =ABS(D67) -> 13.518182 | F67: =POWER(E67,2) -> 182.74124 | G67: =C67/C24*100 -> 4.0723156 | H67: =G67-$G$50 -> -2.6947421 | I67: =ABS(H67) -> 2.6947421 | J67: =POWER(I67,2) -> 7.2616348
A68: 2017 | B68: 10 | C68: 25.7 | D68: =C68-$C$50 -> -10.118182 | E68: =ABS(D68) -> 10.118182 | F68: =POWER(E68,2) -> 102.3776 | G68: =C68/C25*100 -> 4.7000732 | H68: =G68-$G$50 -> -2.0669845 | I68: =ABS(H68) -> 2.0669845 | J68: =POWER(I68,2) -> 4.2724248
A69: 2018 | B69: 11 | C69: 29.1 | D69: =C69-$C$50 -> -6.7181818 | E69: =ABS(D69) -> 6.7181818 | F69: =POWER(E69,2) -> 45.133967 | G69: =C69/C26*100 -> 5.2338129 | H69: =G69-$G$50 -> -1.5332447 | I69: =ABS(H69) -> 1.5332447 | J69: =POWER(I69,2) -> 2.3508392
A70: 2019 | B70: 12 | C70: 30 | D70: =C70-$C$50 -> -5.8181818 | E70: =ABS(D70) -> 5.8181818 | F70: =POWER(E70,2) -> 33.85124 | G70: =C70/C27*100 -> 5.3456878 | H70: =G70-$G$50 -> -1.4213698 | I70: =ABS(H70) -> 1.4213698 | J70: =POWER(I70,2) -> 2.0202921
A71: Среднее значение | B71: 13 | C71: =AVERAGE(C60:C70) -> 19.763636 | D71: - | E71: - | F71: - | G71: =AVERAGE(G60:G70) -> 3.7001876 | H71: - | I71: - | J71: -
A73: Источник: расчеты автора на основе данных ЦДУ ТЭК
A76: Сопоставление добычи нефти по новым месторождениям, по годам, млн.т
A77: Показатель | C77: 2008 | D77: 2009 | E77: 2010 | F77: 2011 | G77: 2012 | H77: 2013 | I77: 2014 | J77: 2015 | K77: 2016 | L77: 2017 | M77: 2018 | N77: 2019
A78: А | B78: Б | C78: 1 | D78: 2 | E78: 3 | F78: 4 | G78: 5 | H78: 6 | I78: 7 | J78: 8 | K78: 9 | L78: 10 | M78: 11 | N78: 12
A79: Добыча нефти на новых месторождениях ("гринфилдах") | B79: 1 | C79: н/д | D79: - | E79: =E6-D6 -> 6.6 | F79: =F6-E6 -> -0.6 | G79: =G6-F6 -> 0.2 | H79: =H6-G6 -> -0.3 | I79: =I6-H6 -> 3.5 | J79: =J6-I6 -> -20.6 | K79: =K6-J6 -> 10.8 | L79: =L6-K6 -> 6 | ... N79: =N6-M6 -> -0.7
A80: Добыча нефти на шельфе | B80: 2 | C80: н/д | D80: - | E80: =E7-D7 -> -0.6 | F80: =F7-E7 -> 0.7 | G80: =G7-F7 -> -0.8 | H80: =H7-G7 -> 0.4 | I80: =I7-H7 -> 1.2 | J80: =J7-I7 -> 2.9 | K80: =K7-J7 -> 3.2 | L80: =L7-K7 -> 3.4 | ... N80: =N7-M7 -> 0.9
A82: Источник: расчет автора на основе данных ЦДУ ТЭК.
A84: Сопоставление данных о добыче нефти новых месторождений, по сравнению с базовым периодом (2010=0), %
A85: Показатель | C85: 2008 | D85: 2009 | E85: 2010 | F85: 2011 | G85: 2012 | H85: 2013 | I85: 2014 | J85: 2015 | K85: 2016 | L85: 2017 | M85: 2018 | N85: 2019
A86: А | B86: Б | C86: 1 | D86: 2 | E86: 3 | F86: 4 | G86: 5 | H86: 6 | I86: 7 | J86: 8 | K86: 9 | L86: 10 | M86: 11 | N86: 12
A87: Добыча нефти на новых месторождениях ("гринфилдах") | B87: 2 | C87: н/д | D87: =(D5/$E5)*100 -> 97.842439 | E87: =(E5/$E5)*100 -> 100 | F87: =(F5/$E5)*100 -> 101.22724 | G87: =(G5/$E5)*100 -> 102.55344 | H87: =(H5/$E5)*100 -> 103.60253 | I87: =(I5/$E5)*100 -> 104.27553 | J87: =(J5/$E5)*100 -> 105.7601 | K87: =(K5/$E5)*100 -> 108.39272 | ... N87: =(N5/$E5)*100 -> 111.08472
A88: Добыча нефти на шельфе | B88: 3 | C88: н/д | D88: =(D6/$E6)*100 -> 82.631579 | E88: =(E6/$E6)*100 -> 100 | F88: =(F6/$E6)*100 -> 98.421053 | G88: =(G6/$E6)*100 -> 98.947368 | H88: =(H6/$E6)*100 -> 98.157895 | I88: =(I6/$E6)*100 -> 107.36842 | J88: =(J6/$E6)*100 -> 53.157895 | K88: =(K6/$E6)*100 -> 81.578947 | ... N88: =(N6/$E6)*100 -> 108.68421
A90: Источник: расчет автора на основе данных ЦДУ ТЭК.
A92: Сопоставление данных о добыче нефти новых месторождений, по сравнению с базовым периодом (2016=0), %
A93: Показатель | C93: 2008 | D93: 2009 | E93: 2010 | F93: 2011 | G93: 2012 | H93: 2013 | I93: 2014 | J93: 2015 | K93: 2016 | L93: 2017 | M93: 2018 | N93: 2019
A94: А | B94: Б | C94: 1 | D94: 2 | E94: 3 | F94: 4 | G94: 5 | H94: 6 | I94: 7 | J94: 8 | K94: 9 | L94: 10 | M94: 11 | N94: 12
A95: Добыча нефти на новых месторождениях ("гринфилдах") | B95: 2 | C95: н/д | D95: =(D6/$K6)*100 -> 101.29032 | E95: =(E6/$K6)*100 -> 122.58065 | F95: =(F6/$K6)*100 -> 120.64516 | G95: =(G6/$K6)*100 -> 121.29032 | H95: =(H6/$K6)*100 -> 120.32258 | I95: =(I6/$K6)*100 -> 131.6129 | J95: =(J6/$K6)*100 -> 65.16129 | K95: =(K6/$K6)*100 -> 100 | ... N95: =(N6/$K6)*100 -> 133.22581
A96: Добыча нефти на шельфе | B96: 3 | C96: н/д | D96: =(D7/$K7)*100 -> 68.609865 | E96: =(E7/$K7)*100 -> 65.919283 | F96: =(F7/$K7)*100 -> 69.058296 | G96: =(G7/$K7)*100 -> 65.470852 | H96: =(H7/$K7)*100 -> 67.264574 | I96: =(I7/$K7)*100 -> 72.64574 | J96: =(J7/$K7)*100 -> 85.650224 | K96: =(K7/$K7)*100 -> 100 | ... N96: =(N7/$K7)*100 -> 134.52915
A98: Источник: расчет автора на основе данных ЦДУ ТЭК.
A101: Удельный вес источников нефти в общем объеме добычи нефти, по годам, %
A102: Показатель | C102: 2008 | D102: 2009 | E102: 2010 | F102: 2011 | G102: 2012 | H102: 2013 | I102: 2014 | J102: 2015 | K102: 2016 | L102: 2017 | M102: 2018 | N102: 2019 | O102: Среднее значение добычи нефти | P102: Xmax | Q102: Xmin | R102: Амплитуда, R | S102: Q1 | T102: Q3 | U102: Медиана, Ме | V102: Межквартильный размах, IQR | W102: Среднее линейное отклонение, L | X102: Дисперсия | Y102: Среднеквадратическое отклонение, СКО | Z102: Коэффициент осциляции (VR), % | AA102: Коэффициент линейного отклонения (VL), % | AB102: Коэффициент вариации (V), %
A103: А | B103: Б | C103: 1 | D103: 2 | E103: 3 | F103: 4 | G103: 5 | H103: 6 | I103: 7 | J103: 8 | K103: 9 | L103: 10 | M103: 11 | N103: 12 | O103: 13 | P103: 14 | Q103: 15 | R103: 16 | S103: 17 | T103: 18 | U103: 19 | V103: 20 | W103: 21 | X103: 23 | Y103: 24 | Z103: 25 | AA103: 26 | AB103: 27
A104: Добыча нефти на новых месторождениях ("гринфилдах") | B104: 1 | C104: н/д | D104: =(D6/D$5)*100 -> 6.3524176 | E104: =(E6/E$5)*100 -> 7.5217736 | F104: =(F6/F$5)*100 -> 7.3132577 | G104: =(G6/G$5)*100 -> 7.2572862 | H104: =(H6/H$5)*100 -> 7.1264807 | I104: =(I6/I$5)*100 -> 7.7448747 | J104: =(J6/J$5)*100 -> 3.7806476 | K104: =(K6/K$5)*100 -> 5.6610665 | ... N104: =(N6/N$5)*100 -> 7.3592302 | O104: =AVERAGE(C104:N104) -> 6.7670576 | P104: =QUARTILE(D104:N104,4) -> 7.7448747 | Q104: =QUARTILE(D104:N104, 0) -> 3.7806476 | R104: =P104-Q104 -> 3.9642271 | S104: =QUARTILE(D104:N104,1) -> 6.5595299 | T104: =QUARTILE(D104:N104, 3) -> 7.4405019 | U104: =QUARTILE(D104:N104, 2) -> 7.2572862 | V104: 7,3 (Q1-Q3: 6,6-7,4) | W104: =SUM(G39:G49)/COUNTA(G39:G49) -> 6.7670576 | X104: =SUM(J39:J49)/COUNTA(J39:J49) -> 1.225203 | Y104: =SQRT(X104) -> 1.1068889 | Z104: =R104/O104*100 -> 58.581253 | AA104: =W104/O104*100 -> 100 | AB104: =Y104/O104*100 -> 16.357019
A105: Добыча нефти на шельфе | B105: 2 | C105: н/д | D105: =(D7/D$5)*100 -> 3.0952863 | E105: =(E7/E$5)*100 -> 2.9097387 | F105: =(F7/F$5)*100 -> 3.0113414 | G105: =(G7/G$5)*100 -> 2.8179888 | H105: =(H7/H$5)*100 -> 2.865877 | I105: =(I7/I$5)*100 -> 3.0751708 | J105: =(J7/J$5)*100 -> 3.5747707 | K105: =(K7/K$5)*100 -> 4.0723156 | ... N105: =(N7/N$5)*100 -> 5.3456878 | O105: =AVERAGE(C105:N105) -> 3.7001876 | P105: =QUARTILE(D105:N105,4) -> 5.3456878 | Q105: =QUARTILE(D105:N105, 0) -> 2.8179888 | R105: =P105-Q105 -> 2.527699 | S105: =QUARTILE(D105:N105,1) -> 2.9605401 | T105: =QUARTILE(D105:N105, 3) -> 4.3861944 | U105: =QUARTILE(D105:N105, 2) -> 3.0952863 | V105: 3,1 (Q1-Q3: 3,0-4,4) | W105: =SUM(I60:I70)/COUNTA(I60:I70) -> 3.0668701 | X105: =SUM(J60:J70)/COUNTA(J60:J70) -> 10.273317 | Y105: =SQRT(X105) -> 3.2052016 | Z105: =R105/O105*100 -> 68.312726 | AA105: =W105/O105*100 -> 82.884178 | AB105: =Y105/O105*100 -> 86.622678
A107: Источник: расчет автора на основе данных ЦДУ ТЭК.
A110: Сопоставление данных о добыче нефти новых месторождений, по сравнению с предыдущим периодом, %
A111: Показатель | C111: 2008 | D111: 2009 | E111: 2010 | F111: 2011 | G111: 2012 | H111: 2013 | I111: 2014 | J111: 2015 | K111: 2016 | L111: 2017 | M111: 2018 | N111: 2019 | O111: Темпы роста за 2008-2019 | P111: Общая тенденция развития за 2008-2020
A112: А | B112: Б | C112: 1 | D112: 2 | E112: 3 | F112: 4 | G112: 5 | H112: 6 | I112: 7 | J112: 8 | K112: 9 | L112: 10 | M112: 11 | N112: 12 | O112: 13 | P112: 14
A113: Всего | B113: 1 | C113: - | D113: =(D5/C5)*100 -> 101.1666 | E113: =(E5/D5)*100 -> 102.20514 | F113: =(F5/E5)*100 -> 101.22724 | G113: =(G5/F5)*100 -> 101.31013 | H113: =(H5/G5)*100 -> 101.02297 | I113: =(I5/H5)*100 -> 100.6496 | J113: =(J5/I5)*100 -> 101.42369 | K113: =(K5/J5)*100 -> 102.48924 | ... N113: =(N5/M5)*100 -> 100.93525 | O113: =GEOMEAN(E113:N113) -> 101.27744 | P113: =O113-100 -> 1.2774377
A114: Добыча нефти на новых месторождениях ("гринфилдах") | B114: 2 | C114: н/д | D114: - | E114: =(E6/D6)*100 -> 121.01911 | F114: =(F6/E6)*100 -> 98.421053 | G114: =(G6/F6)*100 -> 100.53476 | H114: =(H6/G6)*100 -> 99.202128 | I114: =(I6/H6)*100 -> 109.38338 | J114: =(J6/I6)*100 -> 49.509804 | K114: =(K6/J6)*100 -> 153.46535 | L114: =(L6/K6)*100 -> 119.35484 | ... N114: =(N6/M6)*100 -> 98.333333 | O114: =GEOMEAN(E114:N114) -> 102.77844 | P114: =O114-100 -> 2.7784444
A115: Добыча нефти на шельфе | B115: 3 | C115: н/д | D115: - | E115: =(E7/D7)*100 -> 96.078431 | F115: =(F7/E7)*100 -> 104.7619 | G115: =(G7/F7)*100 -> 94.805195 | H115: =(H7/G7)*100 -> 102.73973 | I115: =(I7/H7)*100 -> 108 | J115: =(J7/I7)*100 -> 117.90123 | K115: =(K7/J7)*100 -> 116.75393 | L115: =(L7/K7)*100 -> 115.24664 | ... N115: =(N7/M7)*100 -> 103.09278 | O115: =GEOMEAN(E115:N115) -> 106.96532 | P115: =O115-100 -> 6.965317
A117: Источник: расчет автора на основе данных ЦДУ ТЭК.
A120: Сопоставление данных о добычи нефти на шаельфе относительно "гринфилдов" , по годам, %
A121: Показатель | C121: 2008 | D121: 2009 | E121: 2010 | F121: 2011 | G121: 2012 | H121: 2013 | I121: 2014 | J121: 2015 | K121: 2016 | L121: 2017 | M121: 2018 | N121: 2019
A122: А | B122: Б | C122: 1 | D122: 2 | E122: 3 | F122: 4 | G122: 5 | H122: 6 | I122: 7 | J122: 8 | K122: 9 | L122: 10 | M122: 11 | N122: 12
A123: Добыча нефти на новых месторождениях ("гринфилдах") | B123: 1 | C123: н/д | D123: =(D6/D6)*100 -> 100 | E123: =(E6/E6)*100 -> 100 | F123: =(F6/F6)*100 -> 100 | G123: =(G6/G6)*100 -> 100 | H123: =(H6/H6)*100 -> 100 | I123: =(I6/I6)*100 -> 100 | J123: =(J6/J6)*100 -> 100 | K123: =(K6/K6)*100 -> 100 | ... N123: =(N6/N6)*100 -> 100
A124: Добыча нефти на шельфе | B124: 2 | C124: н/д | D124: =(D7/D6)*100 -> 48.726115 | E124: =(E7/E6)*100 -> 38.684211 | F124: =(F7/F6)*100 -> 41.176471 | G124: =(G7/G6)*100 -> 38.829787 | H124: =(H7/H6)*100 -> 40.214477 | I124: =(I7/I6)*100 -> 39.705882 | J124: =(J7/J6)*100 -> 94.554455 | K124: =(K7/K6)*100 -> 71.935484 | ... N124: =(N7/N6)*100 -> 72.639225
A126: Источник: расчет автора на основе данных ЦДУ ТЭК.

Sheet 1.4
A1: Основные сведения о фонде скважин, осуществляющих добычу нефти
A3: Показатель | C3: 2008 | D3: 2009 | E3: 2010 | F3: 2011 | G3: 2012 | H3: 2013 | I3: 2014 | J3: 2015 | K3: 2016 | L3: 2017 | M3: 2018 | N3: 2019 | O3: Среднее значение по фонду скважин | P3: Xmax | Q3: Xmin | R3: Амплитуда, R | S3: Q1 | T3: Q3 | U3: Медиана, МЕ | V3: Межквартильный размах, IQR | W3: Среднее линейное отклонение, L | X3: Дисперсия | Y3: Среднеквадратическое отклонение, СКО | Z3: Коэффициент осциляции (VR), % | AA3: Коэффициент линейного отклонения (VL), % | AB3: Коэффициент вариации (V), %
A4: А | B4: Б | C4: 1 | D4: 2 | E4: 3 | F4: 4 | G4: 5 | H4: 6 | I4: 7 | J4: 8 | K4: 9 | L4: 10 | M4: 11 | N4: 12 | O4: 13 | P4: 14 | Q4: 15 | R4: 16 | S4: 17 | T4: 18 | U4: 19 | V4: 20 | W4: 21 | X4: 23 | Y4: 24 | Z4: 25 | AA4: 26 | AB4: 27
A5: Фонд скважин, тыс. скважин | B5: 1 | C5: 157.8 | D5: 158.8 | E5: 159.4 | F5: 160.4 | G5: 162.7 | H5: 166 | I5: 168.3 | J5: 170.2 | K5: 173.1 | L5: 175.3 | M5: 177.5 | N5: 180.4 | O5: =AVERAGE(C5:N5) -> 167.49167 | P5: =QUARTILE(C5:N5,4) -> 180.4 | Q5: =QUARTILE(C5:N5, 0) -> 157.8 | R5: =P5-Q5 -> 22.6 | S5: =QUARTILE(C5:N5,1) -> 160.15 | T5: =QUARTILE(C5:N5, 3) -> 173.65 | U5: =QUARTILE(C5:N5, 2) -> 167.15 | V5: 167,2 (Q1-Q3: 160,2-173,7) | W5: =SUM(E15:E26)/COUNTA(E15:E26) -> 6.6416667 | X5: =SUM(F15:F26)/COUNTA(F15:F26) -> 56.469097 | Y5: =SQRT(X5) -> 7.5145923 | Z5: =R5/O5*100 -> 13.493209 | AA5: =W5/O5*100 -> 3.9653714 | AB5: =Y5/O5*100 -> 4.486547
A6: Доля скважин, дающих продукцию, % | B6: 2 | C6: 0.841 | D6: 0.837 | E6: 0.847 | F6: 0.853 | G6: 0.855 | H6: 0.868 | I6: 0.869 | J6: 0.874 | K6: 0.875 | L6: 0.86 | M6: 0.874 | N6: 0.859 | O6: =AVERAGE(C6:N6) -> 0.85933333 | P6: =QUARTILE(D6:N6,4) -> 0.875 | Q6: =QUARTILE(D6:N6, 0) -> 0.837 | R6: =P6-Q6 -> 0.038 | S6: =QUARTILE(D6:N6,1) -> 0.854 | T6: =QUARTILE(D6:N6, 3) -> 0.8715 | U6: =QUARTILE(D6:N6, 2) -> 0.86 | V6: 0,9 (Q1-Q3: 0,0-0,9) | W6: =SUM(E36:E47)/COUNTA(E36:E47) -> 0.010666667 | X6: =SUM(F36:F47)/COUNTA(F36:F47) -> 0.00015755556 | Y6: =SQRT(X6) -> 0.012552114 | Z6: =R6/O6*100 -> 4.4220326 | AA6: =W6/O6*100 -> 1.2412723 | AB6: =Y6/O6*100 -> 1.4606804
A8: Источник: данные ЦДУ ТЭК.
A11: Расчетные значения по фонду скважин, тыс.скважин
A13: Год | C13: Фонд скважин | D13: Х-Хср | E13: |Х-Хср| | F13: (Х-Хср)2 | G13: Сравнение с предущим периодом, % | H13: Х1-Хср | I13: |Х1-Хср| | J13: (Х1-Хср)2
A14: А | B14: Б | C14: В | D14: 1 | E14: 2 | F14: 3 | G14: 4 | H14: 5 | I14: 6 | J14: 7
A15: 2008 | B15: 1 | C15: {=TRANSPOSE(C5:N5)} -> 157.8 | D15: =C15-$C$27 -> -9.6916667 | E15: =ABS(D15) -> 9.6916667 | F15: =POWER(E15, 2) -> 93.928403 | G15: - | H15: - | I15: - | J15: -
A16: 2009 | B16: 2 | C16: 158.8 | D16: =C16-$C$27 -> -8.6916667 | E16: =ABS(D16) -> 8.6916667 | F16: =POWER(E16, 2) -> 75.545069 | G16: =C16/C15*100 -> 100.63371 | H16: =G16-$G$27 -> -0.5905214 | I16: =ABS(H16:H26) -> 0.5905214 | J16: =POWER(I16, 2) -> 0.34871553
A17: 2010 | B17: 3 | C17: 159.4 | D17: =C17-$C$27 -> -8.0916667 | E17: =ABS(D17) -> 8.0916667 | F17: =POWER(E17, 2) -> 65.475069 | G17: =C17/C16*100 -> 100.37783 | H17: =G17-$G$27 -> -0.84640121 | I17: =ABS(H17:H27) -> 0.84640121 | J17: =POWER(I17, 2) -> 0.71639501
A18: 2011 | B18: 4 | C18: 160.4 | D18: =C18-$C$27 -> -7.0916667 | E18: =ABS(D18) -> 7.0916667 | F18: =POWER(E18, 2) -> 50.291736 | G18: =C18/C17*100 -> 100.62735 | H18: =G18-$G$27 -> -0.59688239 | I18: =ABS(H18:H28) -> 0.59688239 | J18: =POWER(I18, 2) -> 0.35626859
A19: 2012 | B19: 5 | C19: 162.7 | D19: =C19-$C$27 -> -4.7916667 | E19: =ABS(D19) -> 4.7916667 | F19: =POWER(E19, 2) -> 22.960069 | G19: =C19/C18*100 -> 101.43392 | H19: =G19-$G$27 -> 0.20968025 | I19: =ABS(H19:H29) -> 0.20968025 | J19: =POWER(I19, 2) -> 0.043965807
A20: 2013 | B20: 6 | C20: 166 | D20: =C20-$C$27 -> -1.4916667 | E20: =ABS(D20) -> 1.4916667 | F20: =POWER(E20, 2) -> 2.2250694 | G20: =C20/C19*100 -> 102.02827 | H20: =G20-$G$27 -> 0.80403793 | I20: =ABS(H20:H30) -> 0.80403793 | J20: =POWER(I20, 2) -> 0.646477
A21: 2014 | B21: 7 | C21: 168.3 | D21: =C21-$C$27 -> 0.80833333 | E21: =ABS(D21) -> 0.80833333 | F21: =POWER(E21, 2) -> 0.65340278 | G21: =C21/C20*100 -> 101.38554 | H21: =G21-$G$27 -> 0.16130721 | I21: =ABS(H21:H31) -> 0.16130721 | J21: =POWER(I21, 2) -> 0.026020015
A22: 2015 | B22: 8 | C22: 170.2 | D22: =C22-$C$27 -> 2.7083333 | E22: =ABS(D22) -> 2.7083333 | F22: =POWER(E22, 2) -> 7.3350694 | G22: =C22/C21*100 -> 101.12894 | H22: =G22-$G$27 -> -0.09529854 | I22: =ABS(H22:H32) -> 0.09529854 | J22: =POWER(I22, 2) -> 0.0090818116
A23: 2016 | B23: 9 | C23: 173.1 | D23: =C23-$C$27 -> 5.6083333 | E23: =ABS(D23) -> 5.6083333 | F23: =POWER(E23, 2) -> 31.453403 | G23: =C23/C22*100 -> 101.70388 | H23: =G23-$G$27 -> 0.47964283 | I23: =ABS(H23:H33) -> 0.47964283 | J23: =POWER(I23, 2) -> 0.23005724
A24: 2017 | B24: 10 | C24: 175.3 | D24: =C24-$C$27 -> 7.8083333 | E24: =ABS(D24) -> 7.8083333 | F24: =POWER(E24, 2) -> 60.970069 | G24: =C24/C23*100 -> 101.27094 | H24: =G24-$G$27 -> 0.04670669 | I24: =ABS(H24:H34) -> 0.04670669 | J24: =POWER(I24, 2) -> 0.0021815149
A25: 2018 | B25: 11 | C25: 177.5 | D25: =C25-$C$27 -> 10.008333 | E25: =ABS(D25) -> 10.008333 | F25: =POWER(E25, 2) -> 100.16674 | G25: =C25/C24*100 -> 101.25499 | H25: =G25-$G$27 -> 0.030756481 | I25: =ABS(H25:H35) -> 0.030756481 | J25: =POWER(I25, 2) -> 0.0009459611
A26: 2019 | B26: 12 | C26: 180.4 | D26: =C26-$C$27 -> 12.908333 | E26: =ABS(D26) -> 12.908333 | F26: =POWER(E26, 2) -> 166.62507 | G26: =C26/C25*100 -> 101.6338 | H26: =G26-$G$27 -> 0.40956785 | I26: =ABS(H26:H36) -> 0.40956785 | J26: =POWER(I26, 2) -> 0.16774583
A27: Среднее значение | B27: 13 | C27: =AVERAGE(C15:C26) -> 167.49167 | D27: - | E27: - | F27: - | G27: =POWER(PRODUCT(G16:G26), 1/COUNTA(G16:G26)) -> 101.22423 | H27: - | I27: - | J27: -
A29: Источник: расчеты автора на основе данных ЦДУ ТЭК
A32: Расчетные значения подоле скважин, дающих продукцию, %
A34: Год | C34: Фонд скважин | D34: Х-Хср | E34: |Х-Хср| | F34: (Х-Хср)2 | G34: Сравнение с предущим периодом, % | H34: Х1-Хср | I34: |Х1-Хср| | J34: (Х1-Хср)2
A35: А | B35: Б | C35: В | D35: 1 | E35: 2 | F35: 3 | G35: 4 | H35: 5 | I35: 6 | J35: 7
A36: 2008 | B36: 1 | C36: {=TRANSPOSE(C6:N6)} -> 0.841 | D36: =C36-$C$48 -> -0.018333333 | E36: =ABS(D36) -> 0.018333333 | F36: =POWER(E36, 2) -> 0.00033611111 | G36: - | H36: - | I36: - | J36: -
A37: 2009 | B37: 2 | C37: 0.837 | D37: =C37-$C$48 -> -0.022333333 | E37: =ABS(D37) -> 0.022333333 | F37: =POWER(E37, 2) -> 0.00049877778 | G37: =C37/C36*100 -> 99.524376 | H37: =G37-$G$48 -> -0.66833026 | I37: =ABS(H37:H47) -> 0.66833026 | J37: =POWER(I37, 2) -> 0.44666534
A38: 2010 | B38: 3 | C38: 0.847 | D38: =C38-$C$48 -> -0.012333333 | E38: =ABS(D38) -> 0.012333333 | F38: =POWER(E38, 2) -> 0.00015211111 | G38: =C38/C37*100 -> 101.19474 | H38: =G38-$G$48 -> 1.0020371 | I38: =ABS(H38:H48) -> 1.0020371 | J38: =POWER(I38, 2) -> 1.0040784
A39: 2011 | B39: 4 | C39: 0.853 | D39: =C39-$C$48 -> -0.0063333333 | E39: =ABS(D39) -> 0.0063333333 | F39: =POWER(E39, 2) -> 4.0111111e-05 | G39: =C39/C38*100 -> 100.70838 | H39: =G39-$G$48 -> 0.51567652 | I39: =ABS(H39:H49) -> 0.51567652 | J39: =POWER(I39, 2) -> 0.26592228
A40: 2012 | B40: 5 | C40: 0.855 | D40: =C40-$C$48 -> -0.0043333333 | E40: =ABS(D40) -> 0.0043333333 | F40: =POWER(E40, 2) -> 1.8777778e-05 | G40: =C40/C39*100 -> 100.23447 | H40: =G40-$G$48 -> 0.041760585 | I40: =ABS(H40:H50) -> 0.041760585 | J40: =POWER(I40, 2) -> 0.0017439465
A41: 2013 | B41: 6 | C41: 0.868 | D41: =C41-$C$48 -> 0.0086666667 | E41: =ABS(D41) -> 0.0086666667 | F41: =POWER(E41, 2) -> 7.5111111e-05 | G41: =C41/C40*100 -> 101.52047 | H41: =G41-$G$48 -> 1.3277618 | I41: =ABS(H41:H51) -> 1.3277618 | J41: =POWER(I41, 2) -> 1.7629515
A42: 2014 | B42: 7 | C42: 0.869 | D42: =C42-$C$48 -> 0.0096666667 | E42: =ABS(D42) -> 0.0096666667 | F42: =POWER(E42, 2) -> 9.3444444e-05 | G42: =C42/C41*100 -> 100.11521 | H42: =G42-$G$48 -> -0.07749863 | I42: =ABS(H42:H52) -> 0.07749863 | J42: =POWER(I42, 2) -> 0.0060060377
A43: 2015 | B43: 8 | C43: 0.874 | D43: =C43-$C$48 -> 0.014666667 | E43: =ABS(D43) -> 0.014666667 | F43: =POWER(E43, 2) -> 0.00021511111 | G43: =C43/C42*100 -> 100.57537 | H43: =G43-$G$48 -> 0.38266799 | I43: =ABS(H43:H53) -> 0.38266799 | J43: =POWER(I43, 2) -> 0.14643479
A44: 2016 | B44: 9 | C44: 0.875 | D44: =C44-$C$48 -> 0.015666667 | E44: =ABS(D44) -> 0.015666667 | F44: =POWER(E44, 2) -> 0.00024544444 | G44: =C44/C43*100 -> 100.11442 | H44: =G44-$G$48 -> -0.078289528 | I44: =ABS(H44:H54) -> 0.078289528 | J44: =POWER(I44, 2) -> 0.0061292501
A45: 2017 | B45: 10 | C45: 0.86 | D45: =C45-$C$48 -> 0.00066666667 | E45: =ABS(D45) -> 0.00066666667 | F45: =POWER(E45, 2) -> 4.4444444e-07 | G45: =C45/C44*100 -> 98.285714 | H45: =G45-$G$48 -> -1.9069917 | I45: =ABS(H45:H55) -> 1.9069917 | J45: =POWER(I45, 2) -> 3.6366174
A46: 2018 | B46: 11 | C46: 0.874 | D46: =C46-$C$48 -> 0.014666667 | E46: =ABS(D46) -> 0.014666667 | F46: =POWER(E46, 2) -> 0.00021511111 | G46: =C46/C45*100 -> 101.62791 | H46: =G46-$G$48 -> 1.435201 | I46: =ABS(H46:H56) -> 1.435201 | J46: =POWER(I46, 2) -> 2.0598018
A47: 2019 | B47: 12 | C47: 0.859 | D47: =C47-$C$48 -> -0.00033333333 | E47: =ABS(D47) -> 0.00033333333 | F47: =POWER(E47, 2) -> 1.1111111e-07 | G47: =C47/C46*100 -> 98.283753 | H47: =G47-$G$48 -> -1.9089531 | I47: =ABS(H47:H57) -> 1.9089531 | J47: =POWER(I47, 2) -> 3.6441021
A48: Среднее значение | B48: 13 | C48: =AVERAGE(C36:C47) -> 0.85933333 | D48: - | E48: - | F48: - | G48: =POWER(PRODUCT(G37:G47), 1/COUNTA(G37:G47)) -> 100.19271 | H48: - | I48: - | J48: -
A50: Изменение фонда скважин по сравнению с предыдущим периодом, %
A51: Показатель | C51: 2008 | D51: 2009 | E51: 2010 | F51: 2011 | G51: 2012 | H51: 2013 | I51: 2014 | J51: 2015 | K51: 2016 | L51: 2017 | M51: 2018 | N51: 2019 | O51: Среднее значение измение фонда скважин | P51: Xmax | Q51: Xmin | R51: Амплитуда, R | S51: Q1 | T51: Q3 | U51: Медиана, МЕ | V51: Межквартильный размах, IQR | W51: Среднее линейное отклонение, L | X51: Дисперсия | Y51: Среднеквадратическое отклонение, СКО | Z51: Коэффициент осциляции (VR), % | AA51: Коэффициент линейного отклонения (VL), % | AB51: Коэффициент вариации (V), %
A52: А | B52: Б | C52: 1 | D52: 2 | E52: 3 | F52: 4 | G52: 5 | H52: 6 | I52: 7 | J52: 8 | K52: 9 | L52: 10 | M52: 11 | N52: 12 | O52: 13 | P52: 14 | Q52: 15 | R52: 16 | S52: 17 | T52: 18 | U52: 19 | V52: 20 | W52: 21 | X52: 23 | Y52: 24 | Z52: 25 | AA52: 26 | AB52: 27
A53: Фонд скважин, тыс. скважин | B53: 1 | C53: - | D53: =(D5/C5)*100 -> 100.63371 | E53: =(E5/D5)*100 -> 100.37783 | F53: =(F5/E5)*100 -> 100.62735 | G53: =(G5/F5)*100 -> 101.43392 | H53: =(H5/G5)*100 -> 102.02827 | I53: =(I5/H5)*100 -> 101.38554 | J53: =(J5/I5)*100 -> 101.12894 | K53: =(K5/J5)*100 -> 101.70388 | ... N53: =(N5/M5)*100 -> 101.6338 | O53: =POWER(PRODUCT(D53:N53), 1/COUNTA(D53:N53)) -> 101.22423 | P53: =QUARTILE(D53:N53,4) -> 102.02827 | Q53: =QUARTILE(D53:N53, 0) -> 100.37783 | R53: =P53-Q53 -> 1.6504391 | S53: =QUARTILE(D53:N53,1) -> 100.88132 | T53: =QUARTILE(D53:N53, 3) -> 101.53386 | U53: =QUARTILE(D53:N53, 2) -> 101.27094 | V53: 101,3 (Q1-Q3: 100,9-101,5) | W53: =SUM(I16:I26)/COUNTA(I16:I26) -> 0.3882548 | X53: =SUM(J16:J26)/COUNTA(J16:J26) -> 0.23162312 | Y53: =SQRT(X53) -> 0.48127239 | Z53: =R53/O53*100 -> 1.6304783 | AA53: =W53/O53*100 -> 0.38355913 | AB53: =Y53/O53*100 -> 0.47545175
A54: Доля скважин, дающих продукцию, % | B54: 2 | C54: - | D54: =(D6/C6)*100 -> 99.524376 | E54: =(E6/D6)*100 -> 101.19474 | F54: =(F6/E6)*100 -> 100.70838 | G54: =(G6/F6)*100 -> 100.23447 | H54: =(H6/G6)*100 -> 101.52047 | I54: =(I6/H6)*100 -> 100.11521 | J54: =(J6/I6)*100 -> 100.57537 | K54: =(K6/J6)*100 -> 100.11442 | ... N54: =(N6/M6)*100 -> 98.283753 | O54: =POWER(PRODUCT(D54:N54), 1/COUNTA(D54:N54)) -> 100.19271 | P54: =QUARTILE(D54:N54,4) -> 101.62791 | Q54: =QUARTILE(D54:N54, 0) -> 98.283753 | R54: =P54-Q54 -> 3.3441541 | S54: =QUARTILE(D54:N54,1) -> 99.819396 | T54: =QUARTILE(D54:N54, 3) -> 100.95156 | U54: =QUARTILE(D54:N54, 2) -> 100.23447 | V54: 100,2 (Q1-Q3: 99,8-101,0) | W54: =SUM(I37:I47)/COUNTA(I37:I47) -> 0.84956076 | X54: =SUM(J37:J47)/COUNTA(J37:J47) -> 1.1800412 | Y54: =SQRT(X54) -> 1.086297 | Z54: =R54/O54*100 -> 3.3377221 | AA54: =W54/O54*100 -> 0.84792675 | AB54: =Y54/O54*100 -> 1.0842077
A56: Источник: составлено автором на основе данных ЦДУ ТЭК.
A58: Общая информация о числе скважин, дающих продукцию, тыс.скважин
A59: Показатель | C59: 2008 | D59: 2009 | E59: 2010 | F59: 2011 | G59: 2012 | H59: 2013 | I59: 2014 | J59: 2015 | K59: 2016 | L59: 2017 | M59: 2018 | N59: 2019
A60: А | B60: Б | C60: 1 | D60: 2 | E60: 3 | F60: 4 | G60: 5 | H60: 6 | I60: 7 | J60: 8 | K60: 9 | L60: 10 | M60: 11 | N60: 12
A61: Количество скважин, дающих продукцию, тыс. скважин | B61: 1 | C61: =C5*C6 -> 132.7098 | D61: =D5*D6 -> 132.9156 | E61: =E5*E6 -> 135.0118 | F61: =F5*F6 -> 136.8212 | G61: =G5*G6 -> 139.1085 | H61: =H5*H6 -> 144.088 | I61: =I5*I6 -> 146.2527 | J61: =J5*J6 -> 148.7548 | ... N61: =N5*N6 -> 154.9636
A64: Источник: составлено автром на основе данных ЦДУ ТЭК.
A66: Изменение числа скважин, дающих продукцию, по сравнению с предыдущим перирдом
A67: Показатель | C67: 2008 | D67: 2009 | E67: 2010 | F67: 2011 | G67: 2012 | H67: 2013 | I67: 2014 | J67: 2015 | K67: 2016 | L67: 2017 | M67: 2018 | N67: 2019
A68: А | B68: Б | C68: 1 | D68: 2 | E68: 3 | F68: 4 | G68: 5 | H68: 6 | I68: 7 | J68: 8 | K68: 9 | L68: 10 | M68: 11 | N68: 12
A69: Количество скважин, дающих продукцию, тыс. скважин | B69: 1 | C69: - | D69: =(D61/C61)*100 -> 100.15508 | E69: =(E61/D61)*100 -> 101.57709 | F69: =(F61/E61)*100 -> 101.34018 | G69: =(G61/F61)*100 -> 101.67174 | H69: =(H61/G61)*100 -> 103.57958 | I69: =(I61/H61)*100 -> 101.50235 | J69: =(J61/I61)*100 -> 101.71081 | K69: =(K61/J61)*100 -> 101.82024 | ... N69: =(N61/M61)*100 -> 99.889516
A72: Источник: составлено автром на основе данных ЦДУ ТЭК.
A75: Сопоставление данных о фонде скважин, осуществляющих добычу нефти, по сравнению с базовым периодом (2010=0), %
A76: Показатель | C76: 2008 | D76: 2009 | E76: 2010 | F76: 2011 | G76: 2012 | H76: 2013 | I76: 2014 | J76: 2015 | K76: 2016 | L76: 2017 | M76: 2018 | N76: 2019
A77: А | B77: Б | C77: 1 | D77: 2 | E77: 3 | F77: 4 | G77: 5 | H77: 6 | I77: 7 | J77: 8 | K77: 9 | L77: 10 | M77: 11 | N77: 12
A78: Фонд скважин, тыс. скважин | B78: 1 | C78: =(C5/$E5)*100 -> 98.996236 | D78: =(D5/$E5)*100 -> 99.623588 | E78: =(E5/$E5)*100 -> 100 | F78: =(F5/$E5)*100 -> 100.62735 | G78: =(G5/$E5)*100 -> 102.07026 | H78: =(H5/$E5)*100 -> 104.14053 | I78: =(I5/$E5)*100 -> 105.58344 | J78: =(J5/$E5)*100 -> 106.77541 | ... N78: =(N5/$E5)*100 -> 113.1744
A79: Доля скважин, дающих продукцию, % | B79: 2 | C79: =(C6/$E6)*100 -> 99.291617 | D79: =(D6/$E6)*100 -> 98.819362 | E79: =(E6/$E6)*100 -> 100 | F79: =(F6/$E6)*100 -> 100.70838 | G79: =(G6/$E6)*100 -> 100.94451 | H79: =(H6/$E6)*100 -> 102.47934 | I79: =(I6/$E6)*100 -> 102.5974 | J79: =(J6/$E6)*100 -> 103.18772 | ... N79: =(N6/$E6)*100 -> 101.41677
A82: Источник: составлено автром на основе данных ЦДУ ТЭК.
A85: Сопоставление данных о фонде скважин, осуществляющих добычу нефти, по сравнению с базовым периодом (2016=0), %
A86: Показатель | C86: 2008 | D86: 2009 | E86: 2010 | F86: 2011 | G86: 2012 | H86: 2013 | I86: 2014 | J86: 2015 | K86: 2016 | L86: 2017 | M86: 2018 | N86: 2019
A87: А | B87: Б | C87: 1 | D87: 2 | E87: 3 | F87: 4 | G87: 5 | H87: 6 | I87: 7 | J87: 8 | K87: 9 | L87: 10 | M87: 11 | N87: 12
A88: Фонд скважин, тыс. скважин | B88: 1 | C88: =(C5/$K5)*100 -> 91.161179 | D88: =(D5/$K5)*100 -> 91.738879 | E88: =(E5/$K5)*100 -> 92.0855 | F88: =(F5/$K5)*100 -> 92.6632 | G88: =(G5/$K5)*100 -> 93.991912 | H88: =(H5/$K5)*100 -> 95.898325 | I88: =(I5/$K5)*100 -> 97.227036 | J88: =(J5/$K5)*100 -> 98.324668 | ... N88: =(N5/$K5)*100 -> 104.21722
A89: Доля скважин, дающих продукцию, % | B89: 2 | C89: =(C6/$K6)*100 -> 96.114286 | D89: =(D6/$K6)*100 -> 95.657143 | E89: =(E6/$K6)*100 -> 96.8 | F89: =(F6/$K6)*100 -> 97.485714 | G89: =(G6/$K6)*100 -> 97.714286 | H89: =(H6/$K6)*100 -> 99.2 | I89: =(I6/$K6)*100 -> 99.314286 | J89: =(J6/$K6)*100 -> 99.885714 | ... N89: =(N6/$K6)*100 -> 98.171429
A92: Источник: составлено автром на основе данных ЦДУ ТЭК.
A95: Среднее значение добычи нефти на одну скважину, млн. тонн
A96: Показатель | C96: 2008 | D96: 2009 | E96: 2010 | F96: 2011 | G96: 2012 | H96: 2013 | I96: 2014 | J96: 2015 | K96: 2016 | L96: 2017 | M96: 2018 | N96: 2019
A97: А | B97: Б | C97: 1 | D97: 2 | E97: 3 | F97: 4 | G97: 5 | H97: 6 | I97: 7 | J97: 8 | K97: 9 | L97: 10 | M97: 11 | N97: 12
A98: Объем добытой нефти на 1 скважину, млн.тон | B98: 1 | C98: ='1.1'!C5/'1.4'!C61 -> 3.6817176 | D98: ='1.1'!D5/'1.4'!D61 -> 3.7189013 | E98: ='1.1'!E5/'1.4'!E61 -> 3.7418952 | F98: ='1.1'!F5/'1.4'!F61 -> 3.7377249 | G98: ='1.1'!G5/'1.4'!G61 -> 3.7244309 | H98: ='1.1'!H5/'1.4'!H61 -> 3.6325024 | I98: ='1.1'!I5/'1.4'!I61 -> 3.6019848 | J98: ='1.1'!J5/'1.4'!J61 -> 3.5918169 | ... N98: ='1.1'!N5/'1.4'!N61 -> 3.6214956
A101: Источник: составлено автром на основе данных ЦДУ ТЭК.

Sheet 1.5
A1: Запасы углеводородов (доказанные) на 30.12.2019 и 30.12.2020, млн. б.н.э
A3: Наименование компании | C3: Запасы углеводородов на 30.12.2020 | D3: Запасы углеводородов на 30.12.2019
A4: А | B4: Б | C4: 1 | D4: 1
A5: Всего | B5: 1 | C5: =SUM(C6:C15) -> 248633.7 | D5: =SUM(D6:D15) -> 246839.9
A6: ПАО "ЛУКОЙЛ" | B6: 2 | C6: 15400 | D6: 15800
A7: ПАО "ГАЗПРОМ" | B7: 3 | C7: 178510 | D7: 177100
A8: ПАО НК "РОССНЕФТЬ" | B8: 4 | C8: 3489 | D8: 3935
A9: ПАО "ТАТНЕФТЬ" | B9: 5 | C9: 8728.4 | D9: 9156
A10: ПАО "НОВАТЭК" | B10: 6 | C10: 16366 | D10: 16265
A11: ПАО АНК "БАШНЕФТЬ" | B11: 7 | C11: 13046 | D11: 13026
A12: ПАО НК "РУССНЕФТЬ" | B12: 8 | C12: 7687.3 | D12: 7687.3
A13: ПАО "НГК СЛАВНЕФТЬ" | B13: 9 | C13: 228.3 | D13: 234
A14: ПАО "ЛУКОЙЛ-ПЕРМЬ" | B14: 10 | C14: 4968.3 | D14: 3400
A15: ООО "ЛУКОЙЛ-Калининградморнефть" | B15: 11 | C15: 210.4 | D15: 236.6
A18: Источники:
A19: Оценка запасов ПАО "ЛУКОЙЛ" за 2020/2019 год | B19: https://lukoil.ru/PressCenter/Pressreleases/Pressrelease/lukoil-zavershil-otsenku-zapasov-na-konets-2020-goda | D19: https://lukoil.ru/PressCenter/Pressreleases/Pressrelease/lukoil-zavershil-otsenku-zapasov-na-konets-2019-goda
A20: Годовой отчет ПАО "ГАЗПРОМ" за 2020/2019 год | B20: https://www.gazprom.ru/f/posts/05/118974/2020-mngmnt-report-ru.pdf | D20: https://www.gazprom.ru/f/posts/77/885487/2019-mgt-report-ru.pdf
A21: Отчет в области устойчивого развития 2020/2019 ПАО НК "РОССНЕФТЬ" | B21: https://www.rosneft.ru/upload/site1/document_file/Rosneft_CSR2020_RUS.pdf | D21: https://www.rosneft.ru/upload/site1/document_file/Rosneft_CSR2020_RUS.pdf
A22: Результаты аудита запасов нефти и газа ПАО "ТАТНЕФТЬ" за 2020/2019 | B22: https://www.tatneft.ru/news/4562 | D22: https://www.tatneft.ru/news/62?ysclid=mp6yfb06id253450951
A23: Восполнение запасов ПАО «НОВАТЭК» в 2020/2019 году | B23: https://www.novatek.ru/ru/press/releases/?id_4=4222 | D23: https://www.novatek.ru/ru/press/releases/archive/index.php?id_4=3692
A24: Годовой отчет за 2020/2019 год "БАШНЕФТЬ" | B24: https://www.sinref.ru/000_uchebniki/04600_raznie_11/170_976_Bashneft_godovoi_2020_04600_raznie_13/003.htm | D24: https://bashneft.rosneft.ru/files/iblock/092/Годовой_отчет_2019.pdf
A25: Годовой отчет за 2020 год "РУССНЕФТЬ"/ Статья о запасах углеводородов на 2019 год | B25: https://russneft.ru/upload/iblock/cf3/3bx47h8gvwu083xjof054q39eapojq2f.pdf | D25: https://earchive.tpu.ru/bitstream/11683/68703/1/conference_tpu-2021-C11_V2_p478-479.pdf
A26: Годовой отчет ПАО "НГК СЛАВНЕФТЬ" за 2020/2019 год | B26: https://www.sinref.ru/000_uchebniki/04600_raznie_13/593_Mosenergo-godovoi-za-2021-god/006.htm | D26: https://vk.com/away.php?to=https%3A%2F%2Fwww.e-disclosure.ru%2Fportal%2FFileLoad.ashx%3FFileid%3D1535955&utf=1
A27: Анализ ООО "ЛУКОЙЛ-Калининградморнефть" за 2020 год | B27: https://neftegaz.ru/news/dobycha/659761-lukoyl-kaliningradmorneft-v-2020-g-snizil-dobychu-nefti-na-10/ | D27: https://vk.com/away.php?to=https%3A%2F%2Fneftegaz.ru%2Fnews%2Fdobycha%2F522700-lukoyl-kaliningradmorneft-v-2019-g-uvelichil-dobychu-nefti-na-shelfe-baltiki-na-3-1%2F&utf=1
A28: Годовой отчет ПАО "ЛУКОЙЛ-ПЕРМЬ" за 2020/2019 год | B28: https://permneft-portal.ru/ | D28: https://www.interfax-russia.ru/volga/news/lukoyl-perm-v-2019g-planiruet-uvelichit-neftedobychu-pochti-na-2-gaza-sohranit-na-urovne-2018
A31: Запасы углеводородов на 30.12.2020 и 30.12.2019 по сравнению с ПАО "ЛУКОЙЛ" в абсолютном выражении, млн. б.н.э
A33: Наименование компании | C33: Запасы углеводородов на 30.12.2020 | D33: Запасы углеводородов на 30.12.2019
A34: А | B34: Б | C34: 1 | D34: 2
A35: {=A7:A15} -> ПАО "ГАЗПРОМ" | B35: 1 | C35: =C7-$C$6 -> 163110 | D35: =D7-$D$6 -> 161300
A36: ПАО НК "РОССНЕФТЬ" | B36: 2 | C36: =C8-$C$6 -> -11911 | D36: =D8-$D$6 -> -11865
A37: ПАО "ТАТНЕФТЬ" | B37: 3 | C37: =C9-$C$6 -> -6671.6 | D37: =D9-$D$6 -> -6644
A38: ПАО "НОВАТЭК" | B38: 4 | C38: =C10-$C$6 -> 966 | D38: =D10-$D$6 -> 465
A39: ПАО АНК "БАШНЕФТЬ" | B39: 5 | C39: =C11-$C$6 -> -2354 | D39: =D11-$D$6 -> -2774
A40: ПАО НК "РУССНЕФТЬ" | B40: 6 | C40: =C12-$C$6 -> -7712.7 | D40: =D12-$D$6 -> -8112.7
A41: ПАО "НГК СЛАВНЕФТЬ" | B41: 7 | C41: =C13-$C$6 -> -15171.7 | D41: =D13-$D$6 -> -15566
A42: ПАО "ЛУКОЙЛ-ПЕРМЬ" | B42: 8 | C42: =C14-$C$6 -> -10431.7 | D42: =D14-$D$6 -> -12400
A43: ООО "ЛУКОЙЛ-Калининградморнефть" | B43: 9 | C43: =C15-$C$6 -> -15189.6 | D43: =D15-$D$6 -> -15563.4
A45: Источник: расчет автора на основе данных отчетов компаний
A48: Запасы углеводородов на 30.12.2020 и 30.12.2019 по сравнению с ПАО "ЛУКОЙЛ", %
A50: Наименование компании | C50: Запасы углеводородов на 30.12.2020 | D50: Запасы углеводородов на 30.12.2019
A51: А | B51: Б | C51: 1 | D51: 2
A52: ПАО "ГАЗПРОМ" | B52: 1 | C52: =(C7/$C$6)*100 -> 1159.1558 | D52: =(D7/$D$6)*100 -> 1120.8861
A53: ПАО НК "РОССНЕФТЬ" | B53: 2 | C53: =(C8/$C$6)*100 -> 22.655844 | D53: =(D8/$D$6)*100 -> 24.905063
A54: ПАО "ТАТНЕФТЬ" | B54: 3 | C54: =(C9/$C$6)*100 -> 56.677922 | D54: =(D9/$D$6)*100 -> 57.949367
A55: ПАО "НОВАТЭК" | B55: 4 | C55: =(C10/$C$6)*100 -> 106.27273 | D55: =(D10/$D$6)*100 -> 102.94304
A56: ПАО АНК "БАШНЕФТЬ" | B56: 5 | C56: =(C11/$C$6)*100 -> 84.714286 | D56: =(D11/$D$6)*100 -> 82.443038
A57: ПАО НК "РУССНЕФТЬ" | B57: 6 | C57: =(C12/$C$6)*100 -> 49.917532 | D57: =(D12/$D$6)*100 -> 48.653797
A58: ПАО "НГК СЛАВНЕФТЬ" | B58: 7 | C58: =(C13/$C$6)*100 -> 1.4824675 | D58: =(D13/$D$6)*100 -> 1.4810127
A59: ПАО "ЛУКОЙЛ-ПЕРМЬ" | B59: 8 | C59: =(C14/$C$6)*100 -> 32.261688 | D59: =(D14/$D$6)*100 -> 21.518987
A60: ООО "ЛУКОЙЛ-Калининградморнефть" | B60: 9 | C60: =(C15/$C$6)*100 -> 1.3662338 | D60: =(D15/$D$6)*100 -> 1.4974684
A62: Источник: составлено автором на основе данных отчетов компаний
A65: Запасы углеводородов на 30.12.2020 и 30.12.2019 по сравнению с общей добычей, %
A67: Наименование компании | C67: Запасы углеводородов на 30.12.2020 | D67: Запасы углеводородов на 30.12.2019
A68: А | B68: Б | C68: 1 | D68: 2
A69: ПАО "ЛУКОЙЛ" | B69: 1 | C69: =(C6/$C$5)*100 -> 6.1938506 | D69: =(D6/$D$5)*100 -> 6.4009101
A70: ПАО "ГАЗПРОМ" | B70: 2 | C70: =(C7/$C$5)*100 -> 71.796382 | D70: =(D7/$D$5)*100 -> 71.74691
A71: ПАО НК "РОССНЕФТЬ" | B71: 3 | C71: =(C8/$C$5)*100 -> 1.4032691 | D71: =(D8/$D$5)*100 -> 1.5941507
A72: ПАО "ТАТНЕФТЬ" | B72: 4 | C72: =(C9/$C$5)*100 -> 3.5105458 | D72: =(D9/$D$5)*100 -> 3.7092869
A73: ПАО "НОВАТЭК" | B73: 5 | C73: =(C10/$C$5)*100 -> 6.582374 | D73: =(D10/$D$5)*100 -> 6.5892913
A74: ПАО АНК "БАШНЕФТЬ" | B74: 6 | C74: =(C11/$C$5)*100 -> 5.2470763 | D74: =(D11/$D$5)*100 -> 5.2771047
A75: ПАО НК "РУССНЕФТЬ" | B75: 7 | C75: =(C12/$C$5)*100 -> 3.0918174 | D75: =(D12/$D$5)*100 -> 3.1142858
A76: ПАО "НГК СЛАВНЕФТЬ" | B76: 8 | C76: =(C13/$C$5)*100 -> 0.091821825 | D76: =(D13/$D$5)*100 -> 0.094798288
A77: ПАО "ЛУКОЙЛ-ПЕРМЬ" | B77: 9 | C77: =(C14/$C$5)*100 -> 1.9982408 | D77: =(D14/$D$5)*100 -> 1.377411
A78: ООО "ЛУКОЙЛ-Калининградморнефть" | B78: 10 | C78: =(C15/$C$5)*100 -> 0.084622479 | D78: =(D15/$D$5)*100 -> 0.095851603
A80: Источник: составлено автором на основе данных отчетов компаний
A83: Запасы углеводородов на 30.12.2020 и 30.12.2019 по сравнению с ПАО "ГАЗПРОМ", %
A85: Наименование компании | C85: Запасы углеводородов на 30.12.2020 | D85: Запасы углеводородов на 30.12.2019
A86: А | B86: Б | C86: 1 | D86: 2
A87: ПАО "ЛУКОЙЛ" | B87: 1 | C87: =(C6/$C$7)*100 -> 8.6269677 | D87: =(D6/$D$7)*100 -> 8.9215133
A88: ПАО НК "РОССНЕФТЬ" | B88: 2 | C88: =(C8/$C$7)*100 -> 1.9545124 | D88: =(D7/$D$7)*100 -> 100
A89: ПАО "ТАТНЕФТЬ" | B89: 3 | C89: =(C9/$C$7)*100 -> 4.889586 | D89: =(D8/$D$7)*100 -> 2.2219085
A90: ПАО "НОВАТЭК" | B90: 4 | C90: =(C10/$C$7)*100 -> 9.1681138 | D90: =(D9/$D$7)*100 -> 5.1699605
A91: ПАО АНК "БАШНЕФТЬ" | B91: 5 | C91: =(C11/$C$7)*100 -> 7.308274 | D91: =(D10/$D$7)*100 -> 9.1840768
A92: ПАО НК "РУССНЕФТЬ" | B92: 6 | C92: =(C12/$C$7)*100 -> 4.3063694 | D92: =(D11/$D$7)*100 -> 7.3551666
A93: ПАО "НГК СЛАВНЕФТЬ" | B93: 7 | C93: =(C13/$C$7)*100 -> 0.12789199 | D93: =(D12/$D$7)*100 -> 4.340655
A94: ПАО "ЛУКОЙЛ-ПЕРМЬ" | B94: 8 | C94: =(C14/$C$7)*100 -> 2.7832054 | D94: =(D13/$D$7)*100 -> 0.13212874
A95: ООО "ЛУКОЙЛ-Калининградморнефть" | B95: 9 | C95: =(C15/$C$7)*100 -> 0.11786455 | D95: =(D14/$D$7)*100 -> 1.9198193
A97: Источник: составлено автором на основе данных отчетов компаний

Sheet 1.6
A1: Международное сопоставление по суммарным уровням добычи нефти, млн.т
A3: Наименование страны | C3: 2008 | D3: 2009 | E3: 2010 | F3: 2011 | G3: 2012 | H3: 2013 | I3: 2014 | J3: 2015 | K3: 2016 | L3: 2017 | M3: 2018 | N3: 2019 | O3: Среднее значение добычи нефти | P3: Xмин | Q3: Хмакс | R3: Размах враиации, R | S3: Медиана, Ме | T3: Q1 | U3: Q3 | V3: Межквартильный размах, IQR | W3: Среднее линйеное отклонение, L | X3: Дисперсия | Y3: Среднеквадратическое отклонение, СКО | Z3: Коэффициент осциляции (VR), % | AA3: Коэффициент линейного отклонения (VL), % | AB3: Коэффициент вариации (V), %
A4: А | B4: Б | C4: 1 | D4: 2 | E4: 3 | F4: 4 | G4: 5 | H4: 6 | I4: 7 | J4: 8 | K4: 9 | L4: 10 | M4: 11 | N4: 12 | O4: 13 | P4: 14 | Q4: 15 | R4: 16 | S4: 17 | T4: 18 | U4: 19 | V4: 20 | W4: 21 | X4: 22 | Y4: 23 | Z4: 24 | AA4: 25 | AB4: 26
A5: Всего добыча по миру | B5: 1 | C5: 3994 | D5: 3994 | E5: 3992 | F5: 3979 | G5: 4098 | H5: 4117 | I5: 4213 | J5: 4316 | K5: 4375 | L5: 4377 | M5: 4482 | N5: н/д | O5: =AVERAGE(C5:M5) -> 4176.0909 | P5: =QUARTILE(C5:M5,0) -> 3979 | Q5: =QUARTILE(C5:M5, 4) -> 4482 | R5: =Q5-P5 -> 503 | S5: =QUARTILE(C5:M5,2) -> 4117 | T5: =QUARTILE(C5:M5,1) -> 3994 | U5: =QUARTILE(C5:M5,3) -> 4345.5 | V5: Me= 4117,0 (Q1-Q3: 3994,0-4345,5) | W5: =SUM(E24:E34)/COUNTA(E24:E34) -> 160.46281 | X5: =SUM(F66:F76)/COUNTA(F66:F76) -> 75.251736 | Y5: =SQRT(X5) -> 8.6747758 | Z5: =R5/O5*100 -> 12.044757 | AA5: =W5/O5*100 -> 3.8424166 | AB5: =Y5/O5*100 -> 0.20772478
A6: Российская Федерация | B6: 2 | C6: 488 | D6: 494 | E6: 506 | F6: 512 | G6: 519 | H6: 522 | I6: 526 | J6: 535 | K6: 548 | L6: 547 | M6: 556 | O6: =AVERAGE(C6:M6) -> 523 | P6: =QUARTILE(C6:M6,0) -> 488 | Q6: =QUARTILE(C6:M6, 4) -> 556 | R6: =Q6-P6 -> 68 | S6: =QUARTILE(C6:M6,2) -> 522 | T6: =QUARTILE(C6:M6,1) -> 509 | U6: =QUARTILE(C6:M6,3) -> 541 | V6: Me= 522,0 (Q1-Q3: 509,0-541,0) | W6: =SUM(E45:E55)/COUNTA(E45:E55) -> 17.636364 | X6: =SUM(F45:F55)/COUNTA(F45:F55) -> 448.72727 | Y6: =SQRT(X6) -> 21.183184 | Z6: =R6/O6*100 -> 13.001912 | AA6: =W6/O6*100 -> 3.3721537 | AB6: =Y6/O6*100 -> 4.0503219
A7: Соединенное королевство (Великобритания) | B7: 3 | C7: 65.5 | D7: 62.8 | E7: 63 | F7: 52 | G7: 44.6 | H7: 40.7 | I7: 40 | J7: 45.3 | K7: 47.4 | L7: 46.5 | M7: 50.9 | O7: =AVERAGE(C7:M7) -> 50.790909 | P7: =QUARTILE(C7:M7,0) -> 40 | Q7: =QUARTILE(C7:M7, 4) -> 65.5 | R7: =Q7-P7 -> 25.5 | S7: =QUARTILE(C7:M7,2) -> 47.4 | T7: =QUARTILE(C7:M7,1) -> 44.95 | U7: =QUARTILE(C7:M7,3) -> 57.4 | V7: Me= 47,4 (Q1-Q3: 45,0-57,4) | W7: =SUM(E66:E76)/COUNTA(E66:E76) -> 7.3173554 | X7: =SUM(F286:F297)/COUNTA(C7:N7) -> 690.94901 | Y7: =SQRT(X7) -> 26.285909 | Z7: =R7/O7*100 -> 50.205835 | AA7: =W7/O7*100 -> 14.406821 | AB7: =Y7/O7*100 -> 51.753177
A8: Украина | B8: 4 | C8: 4.3 | D8: 4 | E8: 3.6 | F8: 3.4 | G8: 3.3 | H8: 3.1 | I8: 2.7 | J8: 2.6 | K8: 2.3 | L8: 2.2 | M8: 2.3 | O8: =AVERAGE(C8:M8) -> 3.0727273 | P8: =QUARTILE(C8:M8,0) -> 2.2 | Q8: =QUARTILE(C8:M8, 4) -> 4.3 | R8: =Q8-P8 -> 2.1 | S8: =QUARTILE(C8:M8,2) -> 3.1 | T8: =QUARTILE(C8:M8,1) -> 2.45 | U8: =QUARTILE(C8:M8,3) -> 3.5 | V8: Me= 3,1 (Q1-Q3: 2,5-3,5) | W8: =SUM(E87:E97)/COUNTA(E87:E97) -> 47.718182 | X8: =SUM(F306:F317)/COUNTA(C8:N8) -> 212.12725 | Y8: =SQRT(X8) -> 14.564589 | Z8: =R8/O8*100 -> 68.343195 | AA8: =W8/O8*100 -> 1552.9586 | AB8: =Y8/O8*100 -> 473.9955
A9: Объединенный Арабские Эмираты | B9: 5 | C9: 124 | D9: 108 | E9: 134 | F9: 144 | G9: 148 | H9: 154 | I9: 168 | J9: 178 | K9: 184 | L9: 176 | M9: 179 | O9: =AVERAGE(C9:M9) -> 154.27273 | P9: =QUARTILE(C9:M9,0) -> 108 | Q9: =QUARTILE(C9:M9, 4) -> 184 | R9: =Q9-P9 -> 76 | S9: =QUARTILE(C9:M9,2) -> 154 | T9: =QUARTILE(C9:M9,1) -> 139 | U9: =QUARTILE(C9:M9,3) -> 177 | V9: Me= 154,0 (Q1-Q3: 139,0-177,0) | W9: =SUM(E108:E118)/COUNTA(E108:E118) -> 20.661157 | X9: =SUM(F108:F118)/COUNTA(F108:F118) -> 575.65289 | Y9: =SQRT(X9) -> 23.992768 | Z9: =R9/O9*100 -> 49.263406 | AA9: =W9/O9*100 -> 13.392618 | AB9: =Y9/O9*100 -> 15.552177
A10: Саудовская Аравия | B10: 6 | C10: 460 | D10: 408 | E10: 461 | F10: 520 | G10: 547 | H10: 536 | I10: 541 | J10: 565 | K10: 584 | L10: 556 | M10: 575 | O10: =AVERAGE(C10:M10) -> 523 | P10: =QUARTILE(C10:M10,0) -> 408 | Q10: =QUARTILE(C10:M10, 4) -> 584 | R10: =Q10-P10 -> 176 | S10: =QUARTILE(C10:M10,2) -> 541 | T10: =QUARTILE(C10:M10,1) -> 490.5 | U10: =QUARTILE(C10:M10,3) -> 560.5 | V10: Me= 541,0 (Q1-Q3: 490,5-560,5) | W10: =SUM(E129:E139)/COUNTA(E129:E139) -> 44.181818 | X10: =SUM(F129:F139)/COUNTA(F129:F139) -> 2854 | Y10: =SQRT(X10) -> 53.422842 | Z10: =R10/O10*100 -> 33.652008 | AA10: =W10/O10*100 -> 8.4477664 | AB10: =Y10/O10*100 -> 10.214692
A11: США | B11: 7 | C11: 245 | D11: 264 | E11: 330 | F11: 343 | G11: 388 | H11: 448 | I11: 524 | J11: 560 | K11: 538 | L11: 569 | M11: 666 | O11: =AVERAGE(C11:M11) -> 443.18182 | P11: =QUARTILE(C11:M11,0) -> 245 | Q11: =QUARTILE(C11:M11, 4) -> 666 | R11: =Q11-P11 -> 421 | S11: =QUARTILE(C11:M11,2) -> 448 | T11: =QUARTILE(C11:M11,1) -> 336.5 | U11: =QUARTILE(C11:M11,3) -> 549 | V11: Me= 448,0 (Q1-Q3: 336,5-549,0) | W11: =SUM(E150:E160)/COUNTA(E150:E160) -> 117.43802 | X11: =SUM(F150:F160)/COUNTA(F150:F160) -> 17449.421 | Y11: =SQRT(X11) -> 132.09626 | Z11: =R11/O11*100 -> 94.994872 | AA11: =W11/O11*100 -> 26.498834 | AB11: =Y11/O11*100 -> 29.806335
A12: Китай | B12: 8 | C12: 195 | D12: 190 | E12: 203 | F12: 203 | G12: 208 | H12: 210 | I12: 212 | J12: 215 | K12: 200 | L12: 192 | M12: 188 | O12: =AVERAGE(C12:M12) -> 201.45455 | P12: =QUARTILE(C12:M12,0) -> 188 | Q12: =QUARTILE(C12:M12, 4) -> 215 | R12: =Q12-P12 -> 27 | S12: =QUARTILE(C12:M12,2) -> 203 | T12: =QUARTILE(C12:M12,1) -> 193.5 | U12: =QUARTILE(C12:M12,3) -> 209 | V12: Me= 203,0 (Q1-Q3: 193,5-209,0) | W12: =SUM(E171:E181)/COUNTA(E171:E181) -> 7.6859504 | X12: =SUM(F171:F181)/COUNTA(F171:F181) -> 78.247934 | Y12: =SQRT(X12) -> 8.8457862 | Z12: =R12/O12*100 -> 13.402527 | AA12: =W12/O12*100 -> 3.8152281 | AB12: =Y12/O12*100 -> 4.3909589
A13: Норвегия | B13: 9 | C13: 106 | D13: 99.2 | E13: 99.6 | F13: 94.2 | G13: 87.6 | H13: 83.5 | I13: 84.3 | J13: 87.8 | K13: 90.2 | L13: 89 | M13: 83.6 | O13: =AVERAGE(C13:M13) -> 91.363636 | P13: =QUARTILE(C13:M13,0) -> 83.5 | Q13: =QUARTILE(C13:M13, 4) -> 106 | R13: =Q13-P13 -> 22.5 | S13: =QUARTILE(C13:M13,2) -> 89 | T13: =QUARTILE(C13:M13,1) -> 85.95 | U13: =QUARTILE(C13:M13,3) -> 96.7 | V13: Me= 89,0 (Q1-Q3: 86,0-96,7) | W13: =SUM(E192:E202)/COUNTA(E192:E202) -> 6.0991736 | X13: =SUM(F192:F202)/COUNTA(F192:F202) -> 50.66595 | Y13: =SQRT(X13) -> 7.1180019 | Z13: =R13/O13*100 -> 24.626866 | AA13: =W13/O13*100 -> 6.6757123 | AB13: =Y13/O13*100 -> 7.7908478
A14: Ирак | B14: 10 | C14: 100 | D14: 113 | E14: 117 | F14: 134 | G14: 146 | H14: 148 | I14: 154 | J14: 173 | K14: 222 | L14: 226 | M14: 231 | O14: =AVERAGE(C14:M14) -> 160.36364 | P14: =QUARTILE(C14:M14,0) -> 100 | Q14: =QUARTILE(C14:M14, 4) -> 231 | R14: =Q14-P14 -> 131 | S14: =QUARTILE(C14:M14,2) -> 148 | T14: =QUARTILE(C14:M14,1) -> 125.5 | U14: =QUARTILE(C14:M14,3) -> 197.5 | V14: Me= 148,0 (Q1-Q3: 125,5-197,5) | W14: =SUM(E213:E223)/COUNTA(E213:E223) -> 38.280992 | X14: =SUM(F213:F223)/COUNTA(F213:F223) -> 2010.7769 | Y14: =SQRT(X14) -> 44.841687 | Z14: =R14/O14*100 -> 81.689342 | AA14: =W14/O14*100 -> 23.871367 | AB14: =Y14/O14*100 -> 27.962503
A15: Кувейт | B15: 11 | C15: 135 | D15: 114 | E15: 123 | F15: 141 | G15: 158 | H15: 155 | I15: 152 | J15: 152 | K15: 158 | L15: 145.9 | M15: 147.7 | O15: =AVERAGE(C15:M15) -> 143.78182 | P15: =QUARTILE(C15:M15,0) -> 114 | Q15: =QUARTILE(C15:M15, 4) -> 158 | R15: =Q15-P15 -> 44 | S15: =QUARTILE(C15:M15,2) -> 147.7 | T15: =QUARTILE(C15:M15,1) -> 138 | U15: =QUARTILE(C15:M15,3) -> 153.5 | V15: Me= 147,7 (Q1-Q3: 138,0-153,5) | W15: =SUM(E234:E244)/COUNTA(E234:E244) -> 11.295868 | X15: =SUM(F234:F244)/COUNTA(F234:F244) -> 189.88876 | Y15: =SQRT(X15) -> 13.780013 | Z15: =R15/O15*100 -> 30.601922 | AA15: =W15/O15*100 -> 7.856256 | AB15: =Y15/O15*100 -> 9.5839747
A17: Источник: данные Росстата
A20: Расчетные данные по суммарной добычи нефти (всего), по годам, млн.т
A22: Год | C22: Добыча нефти | D22: Х-Хср | E22: |Х-Хср| | F22: (Х-Хср)2 | G22: Среднее изменение добычи нефти, % | H22: Х-Хср | I22: |Х-Хср| | J22: (Х-Хср)2
A23: А | B23: Б | C23: В | D23: 1 | E23: 2 | F23: 3 | G23: 4 | H23: 5 | I23: 6 | J23: 7
A24: 2008 | B24: 1 | C24: {=TRANSPOSE(C5:M5)} -> 3994 | D24: =C24-$C$36 -> -182.09091 | E24: =ABS(D24) -> 182.09091 | F24: =POWER(E24,2) -> 33157.099 | G24: - | H24: - | I24: - | J24: -
A25: 2009 | B25: 2 | C25: 3994 | D25: =C25-$C$36 -> -182.09091 | E25: =ABS(D25) -> 182.09091 | F25: =POWER(E25,2) -> 33157.099 | G25: =C25/C24*100 -> 100 | H25: =G25-$G$36 -> -1.1594313 | I25: =ABS(H25) -> 1.1594313 | J25: =POWER(I25,2) -> 1.3442809
A26: 2010 | B26: 3 | C26: 3992 | D26: =C26-$C$36 -> -184.09091 | E26: =ABS(D26) -> 184.09091 | F26: =POWER(E26,2) -> 33889.463 | G26: =C26/C25*100 -> 99.949925 | H26: =G26-$G$36 -> -1.2095064 | I26: =ABS(H26) -> 1.2095064 | J26: =POWER(I26,2) -> 1.4629058
A27: 2011 | B27: 4 | C27: 3979 | D27: =C27-$C$36 -> -197.09091 | E27: =ABS(D27) -> 197.09091 | F27: =POWER(E27,2) -> 38844.826 | G27: =C27/C26*100 -> 99.674349 | H27: =G27-$G$36 -> -1.4850826 | I27: =ABS(H27) -> 1.4850826 | J27: =POWER(I27,2) -> 2.2054703
A28: 2012 | B28: 5 | C28: 4098 | D28: =C28-$C$36 -> -78.090909 | E28: =ABS(D28) -> 78.090909 | F28: =POWER(E28,2) -> 6098.1901 | G28: =C28/C27*100 -> 102.9907 | H28: =G28-$G$36 -> 1.8312699 | I28: =ABS(H28) -> 1.8312699 | J28: =POWER(I28,2) -> 3.3535494
A29: 2013 | B29: 6 | C29: 4117 | D29: =C29-$C$36 -> -59.090909 | E29: =ABS(D29) -> 59.090909 | F29: =POWER(E29,2) -> 3491.7355 | G29: =C29/C28*100 -> 100.46364 | H29: =G29-$G$36 -> -0.6957905 | I29: =ABS(H29) -> 0.6957905 | J29: =POWER(I29,2) -> 0.48412442
A30: 2014 | B30: 7 | C30: 4213 | D30: =C30-$C$36 -> 36.909091 | E30: =ABS(D30) -> 36.909091 | F30: =POWER(E30,2) -> 1362.281 | G30: =C30/C29*100 -> 102.33179 | H30: =G30-$G$36 -> 1.1723637 | I30: =ABS(H30) -> 1.1723637 | J30: =POWER(I30,2) -> 1.3744366
A31: 2015 | B31: 8 | C31: 4316 | D31: =C31-$C$36 -> 139.90909 | E31: =ABS(D31) -> 139.90909 | F31: =POWER(E31,2) -> 19574.554 | G31: =C31/C30*100 -> 102.44481 | H31: =G31-$G$36 -> 1.2853824 | I31: =ABS(H31) -> 1.2853824 | J31: =POWER(I31,2) -> 1.6522078
A32: 2016 | B32: 9 | C32: 4375 | D32: =C32-$C$36 -> 198.90909 | E32: =ABS(D32) -> 198.90909 | F32: =POWER(E32,2) -> 39564.826 | G32: =C32/C31*100 -> 101.36701 | H32: =G32-$G$36 -> 0.20757518 | I32: =ABS(H32) -> 0.20757518 | J32: =POWER(I32,2) -> 0.043087457
A33: 2017 | B33: 10 | C33: 4377 | D33: =C33-$C$36 -> 200.90909 | E33: =ABS(D33) -> 200.90909 | F33: =POWER(E33,2) -> 40364.463 | G33: =C33/C32*100 -> 100.04571 | H33: =G33-$G$36 -> -1.113717 | I33: =ABS(H33) -> 1.113717 | J33: =POWER(I33,2) -> 1.2403656
A34: 2018 | B34: 11 | C34: 4482 | D34: =C34-$C$36 -> 305.90909 | E34: =ABS(D34) -> 305.90909 | F34: =POWER(E34,2) -> 93580.372 | G34: =C34/C33*100 -> 102.3989 | H34: =G34-$G$36 -> 1.2394721 | I34: =ABS(H34) -> 1.2394721 | J34: =POWER(I34,2) -> 1.536291
A35: 2019 | B35: 12 | C35: - | D35: - | E35: - | F35: - | G35: - | H35: - | I35: - | J35: -
A36: Среднее значение | B36: 13 | C36: =AVERAGE(C24:C34) -> 4176.0909 | D36: - | E36: - | F36: - | G36: =POWER(PRODUCT(G25:G34), 1/COUNTA(G25:G34)) -> 101.15943 | H36: - | I36: - | J36: -
A38: Источник: составлено автром на основе данных Росстата
A41: Расчетные данные по суммарной добычи нефти в Российской Федерации, по годам, млн.т
A43: Год | C43: Добыча нефти | D43: Х-Хср | E43: |Х-Хср| | F43: (Х-Хср)2 | G43: Среднее изменение добычи нефти, % | H43: Х-Хср | I43: |Х-Хср| | J43: (Х-Хср)2
A44: А | B44: Б | C44: В | D44: 1 | E44: 2 | F44: 3 | G44: 4 | H44: 5 | I44: 6 | J44: 7
A45: 2008 | B45: 1 | C45: {=TRANSPOSE(C6:M6)} -> 488 | D45: =C45-$C$57 -> -35 | E45: =ABS(D45) -> 35 | F45: =POWER(E45,2) -> 1225 | G45: - | H45: - | I45: - | J45: -
A46: 2009 | B46: 2 | C46: 494 | D46: =C46-$C$57 -> -29 | E46: =ABS(D46) -> 29 | F46: =POWER(E46,2) -> 841 | G46: =C46/C45*100 -> 101.22951 | H46: =G46-$G$57 -> -0.083566787 | I46: =ABS(H46) -> 0.083566787 | J46: =POWER(I46,2) -> 0.0069834079
A47: 2010 | B47: 3 | C47: 506 | D47: =C47-$C$57 -> -17 | E47: =ABS(D47) -> 17 | F47: =POWER(E47,2) -> 289 | G47: =C47/C46*100 -> 102.42915 | H47: =G47-$G$57 -> 1.1160748 | I47: =ABS(H47) -> 1.1160748 | J47: =POWER(I47,2) -> 1.245623
A48: 2011 | B48: 4 | C48: 512 | D48: =C48-$C$57 -> -11 | E48: =ABS(D48) -> 11 | F48: =POWER(E48,2) -> 121 | G48: =C48/C47*100 -> 101.18577 | H48: =G48-$G$57 -> -0.12730423 | I48: =ABS(H48) -> 0.12730423 | J48: =POWER(I48,2) -> 0.016206368
A49: 2012 | B49: 5 | C49: 519 | D49: =C49-$C$57 -> -4 | E49: =ABS(D49) -> 4 | F49: =POWER(E49,2) -> 16 | G49: =C49/C48*100 -> 101.36719 | H49: =G49-$G$57 -> 0.054112516 | I49: =ABS(H49) -> 0.054112516 | J49: =POWER(I49,2) -> 0.0029281644
A50: 2013 | B50: 6 | C50: 522 | D50: =C50-$C$57 -> -1 | E50: =ABS(D50) -> 1 | F50: =POWER(E50,2) -> 1 | G50: =C50/C49*100 -> 100.57803 | H50: =G50-$G$57 -> -0.7350403 | I50: =ABS(H50) -> 0.7350403 | J50: =POWER(I50,2) -> 0.54028425
A51: 2014 | B51: 7 | C51: 526 | D51: =C51-$C$57 -> 3 | E51: =ABS(D51) -> 3 | F51: =POWER(E51,2) -> 9 | G51: =C51/C50*100 -> 100.76628 | H51: =G51-$G$57 -> -0.54679146 | I51: =ABS(H51) -> 0.54679146 | J51: =POWER(I51,2) -> 0.2989809
A52: 2015 | B52: 8 | C52: 535 | D52: =C52-$C$57 -> 12 | E52: =ABS(D52) -> 12 | F52: =POWER(E52,2) -> 144 | G52: =C52/C51*100 -> 101.71103 | H52: =G52-$G$57 -> 0.39795163 | I52: =ABS(H52) -> 0.39795163 | J52: =POWER(I52,2) -> 0.1583655
A53: 2016 | B53: 9 | C53: 548 | D53: =C53-$C$57 -> 25 | E53: =ABS(D53) -> 25 | F53: =POWER(E53,2) -> 625 | G53: =C53/C52*100 -> 102.42991 | H53: =G53-$G$57 -> 1.1168316 | I53: =ABS(H53) -> 1.1168316 | J53: =POWER(I53,2) -> 1.2473127
A54: 2017 | B54: 10 | C54: 547 | D54: =C54-$C$57 -> 24 | E54: =ABS(D54) -> 24 | F54: =POWER(E54,2) -> 576 | G54: =C54/C53*100 -> 99.817518 | H54: =G54-$G$57 -> -1.4955567 | I54: =ABS(H54) -> 1.4955567 | J54: =POWER(I54,2) -> 2.2366899
A55: 2018 | B55: 11 | C55: 556 | D55: =C55-$C$57 -> 33 | E55: =ABS(D55) -> 33 | F55: =POWER(E55,2) -> 1089 | G55: =C55/C54*100 -> 101.64534 | H55: =G55-$G$57 -> 0.33226322 | I55: =ABS(H55) -> 0.33226322 | J55: =POWER(I55,2) -> 0.11039885
A56: 2019 | B56: 12 | C56: - | D56: - | E56: - | F56: - | G56: - | H56: - | I56: - | J56: -
A57: Среднее значение | B57: 13 | C57: =AVERAGE(C45:C55) -> 523 | D57: - | E57: - | F57: - | G57: =POWER(PRODUCT(G46:G55), 1/COUNTA(G46:G55)) -> 101.31307 | H57: - | I57: - | J57: -
A59: Источник: составлено автром на основе данных Росстата
A62: Расчетные данные по суммарной добычи нефти в Соединенном королевстве (Великобритании), по годам, млн.т
A64: Год | C64: Добыча нефти | D64: Х-Хср | E64: |Х-Хср| | F64: (Х-Хср)2 | G64: Среднее изменение добычи нефти, % | H64: Х-Хср | I64: |Х-Хср| | J64: (Х-Хср)2
A65: А | B65: Б | C65: В | D65: 1 | E65: 2 | F65: 3 | G65: 4 | H65: 5 | I65: 6 | J65: 7
A66: 2008 | B66: 1 | C66: {=TRANSPOSE(C7:M7)} -> 65.5 | D66: =C66-$C$78 -> 14.709091 | E66: =ABS(D66) -> 14.709091 | F66: =POWER(E66,2) -> 216.35736 | G66: - | H66: - | I66: - | J66: -
A67: 2009 | B67: 2 | C67: 62.8 | D67: =C67-$C$78 -> 12.009091 | E67: =ABS(D67) -> 12.009091 | F67: =POWER(E67,2) -> 144.21826 | G67: =C67/C66*100 -> 95.877863 | H67: =G67-$G$78 -> -1.6317988 | I67: =ABS(H67) -> 1.6317988 | J67: =POWER(I67,2) -> 2.6627672
A68: 2010 | B68: 3 | C68: 63 | D68: =C68-$C$78 -> 12.209091 | E68: =ABS(D68) -> 12.209091 | F68: =POWER(E68,2) -> 149.0619 | G68: =C68/C67*100 -> 100.31847 | H68: =G68-$G$78 -> 2.80881 | I68: =ABS(H68) -> 2.80881 | J68: =POWER(I68,2) -> 7.8894134
A69: 2011 | B69: 4 | C69: 52 | D69: =C69-$C$78 -> 1.2090909 | E69: =ABS(D69) -> 1.2090909 | F69: =POWER(E69,2) -> 1.4619008 | G69: =C69/C68*100 -> 82.539683 | H69: =G69-$G$78 -> -14.969979 | I69: =ABS(H69) -> 14.969979 | J69: =POWER(I69,2) -> 224.10027
A70: 2012 | B70: 5 | C70: 44.6 | D70: =C70-$C$78 -> -6.1909091 | E70: =ABS(D70) -> 6.1909091 | F70: =POWER(E70,2) -> 38.327355 | G70: =C70/C69*100 -> 85.769231 | H70: =G70-$G$78 -> -11.740431 | I70: =ABS(H70) -> 11.740431 | J70: =POWER(I70,2) -> 137.83771
A71: 2013 | B71: 6 | C71: 40.7 | D71: =C71-$C$78 -> -10.090909 | E71: =ABS(D71) -> 10.090909 | F71: =POWER(E71,2) -> 101.82645 | G71: =C71/C70*100 -> 91.255605 | H71: =G71-$G$78 -> -6.254056 | I71: =ABS(H71) -> 6.254056 | J71: =POWER(I71,2) -> 39.113216
A72: 2014 | B72: 7 | C72: 40 | D72: =C72-$C$78 -> -10.790909 | E72: =ABS(D72) -> 10.790909 | F72: =POWER(E72,2) -> 116.44372 | G72: =C72/C71*100 -> 98.280098 | H72: =G72-$G$78 -> 0.77043691 | I72: =ABS(H72) -> 0.77043691 | J72: =POWER(I72,2) -> 0.59357303
A73: 2015 | B73: 8 | C73: 45.3 | D73: =C73-$C$78 -> -5.4909091 | E73: =ABS(D73) -> 5.4909091 | F73: =POWER(E73,2) -> 30.150083 | G73: =C73/C72*100 -> 113.25 | H73: =G73-$G$78 -> 15.740339 | I73: =ABS(H73) -> 15.740339 | J73: =POWER(I73,2) -> 247.75826
A74: 2016 | B74: 9 | C74: 47.4 | D74: =C74-$C$78 -> -3.3909091 | E74: =ABS(D74) -> 3.3909091 | F74: =POWER(E74,2) -> 11.498264 | G74: =C74/C73*100 -> 104.63576 | H74: =G74-$G$78 -> 7.1261002 | I74: =ABS(H74) -> 7.1261002 | J74: =POWER(I74,2) -> 50.781304
A75: 2017 | B75: 10 | C75: 46.5 | D75: =C75-$C$78 -> -4.2909091 | E75: =ABS(D75) -> 4.2909091 | F75: =POWER(E75,2) -> 18.411901 | G75: =C75/C74*100 -> 98.101266 | H75: =G75-$G$78 -> 0.59160445 | I75: =ABS(H75) -> 0.59160445 | J75: =POWER(I75,2) -> 0.34999583
A76: 2018 | B76: 11 | C76: 50.9 | D76: =C76-$C$78 -> 0.10909091 | E76: =ABS(D76) -> 0.10909091 | F76: =POWER(E76,2) -> 0.011900826 | G76: =C76/C75*100 -> 109.46237 | H76: =G76-$G$78 -> 11.952704 | I76: =ABS(H76) -> 11.952704 | J76: =POWER(I76,2) -> 142.86714
A77: 2019 | B77: 12 | C77: - | D77: - | E77: - | F77: - | G77: - | H77: - | I77: - | J77: -
A78: Среднее значение | B78: 13 | C78: =AVERAGE(C66:C76) -> 50.790909 | D78: - | E78: - | F78: - | G78: =POWER(PRODUCT(G67:G76), 1/COUNTA(G67:G76)) -> 97.509661 | H78: - | I78: - | J78: -
A80: Источник: составлено автром на основе данных Росстата
A83: Расчетные данные по суммарной добычи нефти на Украине, по годам, млн.т
A85: Год | C85: Добыча нефти | D85: Х-Хср | E85: |Х-Хср| | F85: (Х-Хср)2 | G85: Среднее изменение добычи нефти, % | H85: Х-Хср | I85: |Х-Хср| | J85: (Х-Хср)2
A86: А | B86: Б | C86: В | D86: 1 | E86: 2 | F86: 3 | G86: 4 | H86: 5 | I86: 6 | J86: 7
A87: 2008 | B87: 1 | C87: {=TRANSPOSE(C8:M8)} -> 4.3 | D87: =C87-$C$78 -> -46.490909 | E87: =ABS(D87) -> 46.490909 | F87: =POWER(E87,2) -> 2161.4046 | G87: - | H87: - | I87: - | J87: -
A88: 2009 | B88: 2 | C88: 4 | D88: =C88-$C$78 -> -46.790909 | E88: =ABS(D88) -> 46.790909 | F88: =POWER(E88,2) -> 2189.3892 | G88: =C88/C87*100 -> 93.023256 | H88: =G88-$G$99 -> -0.91141939 | I88: =ABS(H88) -> 0.91141939 | J88: =POWER(I88,2) -> 0.8306853
A89: 2010 | B89: 3 | C89: 3.6 | D89: =C89-$C$78 -> -47.190909 | E89: =ABS(D89) -> 47.190909 | F89: =POWER(E89,2) -> 2226.9819 | G89: =C89/C88*100 -> 90 | H89: =G89-$G$99 -> -3.9346752 | I89: =ABS(H89) -> 3.9346752 | J89: =POWER(I89,2) -> 15.481669
A90: 2011 | B90: 4 | C90: 3.4 | D90: =C90-$C$78 -> -47.390909 | E90: =ABS(D90) -> 47.390909 | F90: =POWER(E90,2) -> 2245.8983 | G90: =C90/C89*100 -> 94.444444 | H90: =G90-$G$99 -> 0.50976924 | I90: =ABS(H90) -> 0.50976924 | J90: =POWER(I90,2) -> 0.25986468
A91: 2012 | B91: 5 | C91: 3.3 | D91: =C91-$C$78 -> -47.490909 | E91: =ABS(D91) -> 47.490909 | F91: =POWER(E91,2) -> 2255.3864 | G91: =C91/C90*100 -> 97.058824 | H91: =G91-$G$99 -> 3.1241483 | I91: =ABS(H91) -> 3.1241483 | J91: =POWER(I91,2) -> 9.7603028
A92: 2013 | B92: 6 | C92: 3.1 | D92: =C92-$C$78 -> -47.690909 | E92: =ABS(D92) -> 47.690909 | F92: =POWER(E92,2) -> 2274.4228 | G92: =C92/C91*100 -> 93.939394 | H92: =G92-$G$99 -> 0.0047187386 | I92: =ABS(H92) -> 0.0047187386 | J92: =POWER(I92,2) -> 2.2266494e-05
A93: 2014 | B93: 7 | C93: 2.7 | D93: =C93-$C$78 -> -48.090909 | E93: =ABS(D93) -> 48.090909 | F93: =POWER(E93,2) -> 2312.7355 | G93: =C93/C92*100 -> 87.096774 | H93: =G93-$G$99 -> -6.837901 | I93: =ABS(H93) -> 6.837901 | J93: =POWER(I93,2) -> 46.75689
A94: 2015 | B94: 8 | C94: 2.6 | D94: =C94-$C$78 -> -48.190909 | E94: =ABS(D94) -> 48.190909 | F94: =POWER(E94,2) -> 2322.3637 | G94: =C94/C93*100 -> 96.296296 | H94: =G94-$G$99 -> 2.3616211 | I94: =ABS(H94) -> 2.3616211 | J94: =POWER(I94,2) -> 5.5772542
A95: 2016 | B95: 9 | C95: 2.3 | D95: =C95-$C$78 -> -48.490909 | E95: =ABS(D95) -> 48.490909 | F95: =POWER(E95,2) -> 2351.3683 | G95: =C95/C94*100 -> 88.461538 | H95: =G95-$G$99 -> -5.4731367 | I95: =ABS(H95) -> 5.4731367 | J95: =POWER(I95,2) -> 29.955226
A96: 2017 | B96: 10 | C96: 2.2 | D96: =C96-$C$78 -> -48.590909 | E96: =ABS(D96) -> 48.590909 | F96: =POWER(E96,2) -> 2361.0764 | G96: =C96/C95*100 -> 95.652174 | H96: =G96-$G$99 -> 1.7174987 | I96: =ABS(H96) -> 1.7174987 | J96: =POWER(I96,2) -> 2.9498018
A97: 2018 | B97: 11 | C97: 2.3 | D97: =C97-$C$78 -> -48.490909 | E97: =ABS(D97) -> 48.490909 | F97: =POWER(E97,2) -> 2351.3683 | G97: =C97/C96*100 -> 104.54545 | H97: =G97-$G$99 -> 10.610779 | I97: =ABS(H97) -> 10.610779 | J97: =POWER(I97,2) -> 112.58864
A98: 2019 | B98: 12 | C98: - | D98: - | E98: - | F98: - | G98: - | H98: - | I98: - | J98: -
A99: Среднее значение | B99: 13 | C99: =AVERAGE(C87:C97) -> 3.0727273 | D99: - | E99: - | F99: - | G99: =POWER(PRODUCT(G88:G97), 1/COUNTA(G88:G97)) -> 93.934675 | H99: - | I99: - | J99: -
A101: Источник: составлено автром на основе данных Росстата
A104: Расчетные данные по суммарной добычи нефти в Объединенных Арабских Эмиратах, по годам, млн.т
A106: Год | C106: Добыча нефти | D106: Х-Хср | E106: |Х-Хср| | F106: (Х-Хср)2 | G106: Среднее изменение добычи нефти, % | H106: Х-Хср | I106: |Х-Хср| | J106: (Х-Хср)2
A107: А | B107: Б | C107: В | D107: 1 | E107: 2 | F107: 3 | G107: 4 | H107: 5 | I107: 6 | J107: 7
A108: 2008 | B108: 1 | C108: {=TRANSPOSE(C9:M9)} -> 124 | D108: =C108-$C$120 -> -30.272727 | E108: =ABS(D108) -> 30.272727 | F108: =POWER(E108,2) -> 916.43802 | G108: - | H108: - | I108: - | J108: -
A109: 2009 | B109: 2 | C109: 108 | D109: =C109-$C$120 -> -46.272727 | E109: =ABS(D109) -> 46.272727 | F109: =POWER(E109,2) -> 2141.1653 | G109: =C109/C108*100 -> 87.096774 | H109: =G109-$G$120 -> -16.642483 | I109: =ABS(H109) -> 16.642483 | J109: =POWER(I109,2) -> 276.97225
A110: 2010 | B110: 3 | C110: 134 | D110: =C110-$C$120 -> -20.272727 | E110: =ABS(D110) -> 20.272727 | F110: =POWER(E110,2) -> 410.98347 | G110: =C110/C109*100 -> 124.07407 | H110: =G110-$G$120 -> 20.334817 | I110: =ABS(H110) -> 20.334817 | J110: =POWER(I110,2) -> 413.50477
A111: 2011 | B111: 4 | C111: 144 | D111: =C111-$C$120 -> -10.272727 | E111: =ABS(D111) -> 10.272727 | F111: =POWER(E111,2) -> 105.52893 | G111: =C111/C110*100 -> 107.46269 | H111: =G111-$G$120 -> 3.7234292 | I111: =ABS(H111) -> 3.7234292 | J111: =POWER(I111,2) -> 13.863925
A112: 2012 | B112: 5 | C112: 148 | D112: =C112-$C$120 -> -6.2727273 | E112: =ABS(D112) -> 6.2727273 | F112: =POWER(E112,2) -> 39.347107 | G112: =C112/C111*100 -> 102.77778 | H112: =G112-$G$120 -> -0.96147956 | I112: =ABS(H112) -> 0.96147956 | J112: =POWER(I112,2) -> 0.92444294
A113: 2013 | B113: 6 | C113: 154 | D113: =C113-$C$120 -> -0.27272727 | E113: =ABS(D113) -> 0.27272727 | F113: =POWER(E113,2) -> 0.074380165 | G113: =C113/C112*100 -> 104.05405 | H113: =G113-$G$120 -> 0.31479672 | I113: =ABS(H113) -> 0.31479672 | J113: =POWER(I113,2) -> 0.099096973
A114: 2014 | B114: 7 | C114: 168 | D114: =C114-$C$120 -> 13.727273 | E114: =ABS(D114) -> 13.727273 | F114: =POWER(E114,2) -> 188.43802 | G114: =C114/C113*100 -> 109.09091 | H114: =G114-$G$120 -> 5.3516518 | I114: =ABS(H114) -> 5.3516518 | J114: =POWER(I114,2) -> 28.640176
A115: 2015 | B115: 8 | C115: 178 | D115: =C115-$C$120 -> 23.727273 | E115: =ABS(D115) -> 23.727273 | F115: =POWER(E115,2) -> 562.98347 | G115: =C115/C114*100 -> 105.95238 | H115: =G115-$G$120 -> 2.2131236 | I115: =ABS(H115) -> 2.2131236 | J115: =POWER(I115,2) -> 4.8979161
A116: 2016 | B116: 9 | C116: 184 | D116: =C116-$C$120 -> 29.727273 | E116: =ABS(D116) -> 29.727273 | F116: =POWER(E116,2) -> 883.71074 | G116: =C116/C115*100 -> 103.37079 | H116: =G116-$G$120 -> -0.36847082 | I116: =ABS(H116) -> 0.36847082 | J116: =POWER(I116,2) -> 0.13577075
A117: 2017 | B117: 10 | C117: 176 | D117: =C117-$C$120 -> 21.727273 | E117: =ABS(D117) -> 21.727273 | F117: =POWER(E117,2) -> 472.07438 | G117: =C117/C116*100 -> 95.652174 | H117: =G117-$G$120 -> -8.0870834 | I117: =ABS(H117) -> 8.0870834 | J117: =POWER(I117,2) -> 65.400918
A118: 2018 | B118: 11 | C118: 179 | D118: =C118-$C$120 -> 24.727273 | E118: =ABS(D118) -> 24.727273 | F118: =POWER(E118,2) -> 611.43802 | G118: =C118/C117*100 -> 101.70455 | H118: =G118-$G$120 -> -2.0347119 | I118: =ABS(H118) -> 2.0347119 | J118: =POWER(I118,2) -> 4.1400524
A119: 2019 | B119: 12 | C119: - | D119: - | E119: - | F119: - | G119: - | H119: - | I119: - | J119: -
A120: Среднее значение | B120: 13 | C120: =AVERAGE(C108:C118) -> 154.27273 | D120: - | E120: - | F120: - | G120: =POWER(PRODUCT(G109:G118), 1/COUNTA(G109:G118)) -> 103.73926 | H120: - | I120: - | J120: -
A122: Источник: составлено автром на основе данных Росстата
...

Sheet 1.7
A1: Данные по нефтегазовым компаниям по категориям производителей по итогам 2018 года
A3: Категория производителей | C3: Количество компаний, единиц | D3: Среднесуточный дебит скважин, т/сут. | E3: Средняя глубина эксплуатацинной скважины, м | G3: Количесвто скважин, шт
A4: А | B4: Б | C4: 1 | D4: 2 | E4: 3 | G4: 4
A5: ВИНК (включая ПАО ГАЗПРОМ) | B5: 1 | C5: 11 | D5: 8.7 | E5: 2436 | F5: ='1.1'!M6 -> 473.7 | G5: =(F5*1000000/('1.7'!D5*365))/1000 -> 149.17336
A6: Независимые производители | B6: 2 | C6: 184 | D6: 10.2 | E6: 2290 | F6: ='1.1'!M7 -> 63.5 | G6: =(F6*1000000/('1.7'!D6*365))/1000 -> 17.056138
A7: Операторы СРП | B7: 3 | C7: 3 | D7: 4.5 | E7: 1721 | F7: ='1.1'!M8 -> 18.7 | G7: =(F7*1000000/('1.7'!D7*365))/1000 -> 11.385084
A8: Срднее значение за 2018 год | B8: 4 | C8: - | D8: =(D5*C5+D6*C6+D7*C7)/(SUM(C5:C7)) -> 10.030303 | E8: =(E5*SUM('1.8'!K5:K15)+'1.7'!E6*SUM('1.8'!K19:K202)+'1.7'!E7*SUM('1.8'!K16:K18))/'1.8'!K203 -> 2376.1486 | F8: - | G8: -
A10: Источник: данные ЦДУ ТЭК.
A13: Данные по нефтегазовым компаниям по категориям производителей по итогам 2018 года
A15: Категория производителей | C15: Количество компаний, единиц | D15: Среднесуточный дебит скважин, т/сут. | E15: Среднесуточный дебит скважин,тонны за год | F15: Средняя глубина эксплуатацинной скважины, м | G15: Общий объем добычи нефти в 2018 году | H15: Количесто скважин по категориям компаний, тыс. скважин
A16: А | B16: Б | C16: 1 | D16: 2 | E16: 3 | F16: 4 | G16: 5 | H16: 6
A17: ВИНК (включая ПАО ГАЗПРОМ) | B17: 1 | C17: 11 | D17: 8.7 | E17: =D17*365/1000000 -> 0.0031755 | F17: 2436 | G17: 473.7 | H17: =G17/E17/1000 -> 149.17336
A18: Независимые производители | B18: 2 | C18: 184 | D18: 10.2 | E18: =D18*365/1000000 -> 0.003723 | F18: 2290 | G18: 63.5 | H18: =G18/E18/1000 -> 17.056138
A19: Операторы СРП | B19: 3 | C19: 3 | D19: 4.5 | E19: =D19*365/1000000 -> 0.0016425 | F19: 1721 | G19: 18.7 | H19: =G19/E19/1000 -> 11.385084
A20: Среднесуточный дебит скважин по РФ | B20: 4 | C20: – | D20: =SUMPRODUCT(C17:C19,D17:D19)/(SUM(C17:C19)) -> 10.030303 | E20: – | F20: =SUMPRODUCT(H17:H19,F17:F19)/SUM(H17:H19) -> 2376.1483 | G20: – | H20: –
A22: Источник: расчет автора на основе данных ЦДУ ТЭК.

Sheet 1.8
A1: Данные по нефтегазовым компаниям по категориям производителей по итогам 2018 года
A3: Компании | B3: Категория компании (1 – ВИНК, 2 – независимый производитель, 3 – оператор СРП) | C3: Добыча нефти, тыс.т | D3: Х-Хср | E3: |Х-Хср| | F3: (Х-Хср)2 | G3: Ввод в эксплуатацию нефтяных скважин, шт. | H3: Х-Хср | I3: |Х-Хср| | J3: (Х-Хср)2 | K3: Фонд скважин, шт. | L3: Х-Хср | M3: |Х-Хср| | N3: (Х-Хср)2 | O3: Среднесуточный дебит скважин, т/сут. | P3: Х-Хср | Q3: |Х-Хср| | R3: (Х-Хср)2
A4: 1 | B4: 2 | C4: 3 | D4: 3 | E4: 4 | F4: 5 | G4: 7 | H4: 3 | I4: 4 | J4: 5 | K4: 8 | L4: 3 | M4: 4 | N4: 5 | O4: 9 | P4: 3 | Q4: 4 | R4: 5
A5: 5 | B5: 1 | C5: 89620 | D5: =C5-$C$212 -> 86812.167 | E5: =ABS(D5) -> 86812.167 | F5: =POWER(E5,2) -> 7.5363523e+09 | G5: 1607 | H5: =G5-$C$213 -> 1570.3535 | I5: =ABS(H5) -> 1570.3535 | J5: =POWER(I5,2) -> 2466010.2 | K5: 34920 | L5: =K5-$C$214 -> 34022.96 | M5: =ABS(L5) -> 34022.96 | N5: =POWER(M5,2) -> 1.1575618e+09 | O5: 7.03 | P5: =O5-$C$215 -> -3.0391919 | Q5: =ABS(P5) -> 3.0391919 | R5: =POWER(Q5,2) -> 9.2366875
A6: 7 | B6: 1 | C6: 79530 | D6: =C6-$C$212 -> 76722.167 | E6: =ABS(D6) -> 76722.167 | F6: =POWER(E6,2) -> 5.8862909e+09 | G6: 427 | H6: =G6-$C$213 -> 390.35354 | I6: =ABS(H6) -> 390.35354 | J6: =POWER(I6,2) -> 152375.88 | K6: 23275 | L6: =K6-$C$214 -> 22377.96 | M6: =ABS(L6) -> 22377.96 | N6: =POWER(M6,2) -> 5.0077308e+08 | O6: 9.36 | P6: =O6-$C$215 -> -0.70919192 | Q6: =ABS(P6) -> 0.70919192 | R6: =POWER(Q6,2) -> 0.50295318
A7: 1 | B7: 1 | C7: 58748 | D7: =C7-$C$212 -> 55940.167 | E7: =ABS(D7) -> 55940.167 | F7: =POWER(E7,2) -> 3.1293022e+09 | G7: 679 | H7: =G7-$C$213 -> 642.35354 | I7: =ABS(H7) -> 642.35354 | J7: =POWER(I7,2) -> 412618.06 | K7: 14538 | L7: =K7-$C$214 -> 13640.96 | M7: =ABS(L7) -> 13640.96 | N7: =POWER(M7,2) -> 1.8607578e+08 | O7: 11.07 | P7: =O7-$C$215 -> 1.0008081 | Q7: =ABS(P7) -> 1.0008081 | R7: =POWER(Q7,2) -> 1.0016168
A8: 2 | B8: 1 | C8: 57911 | D8: =C8-$C$212 -> 55103.167 | E8: =ABS(D8) -> 55103.167 | F8: =POWER(E8,2) -> 3.036359e+09 | G8: 431 | H8: =G8-$C$213 -> 394.35354 | I8: =ABS(H8) -> 394.35354 | J8: =POWER(I8,2) -> 155514.71 | K8: 11291 | L8: =K8-$C$214 -> 10393.96 | M8: =ABS(L8) -> 10393.96 | N8: =POWER(M8,2) -> 1.080344e+08 | O8: 14.05 | P8: =O8-$C$215 -> 3.9808081 | Q8: =ABS(P8) -> 3.9808081 | R8: =POWER(Q8,2) -> 15.846833
A9: 3 | B9: 1 | C9: 42540 | D9: =C9-$C$212 -> 39732.167 | E9: =ABS(D9) -> 39732.167 | F9: =POWER(E9,2) -> 1.5786451e+09 | G9: 517 | H9: =G9-$C$213 -> 480.35354 | I9: =ABS(H9) -> 480.35354 | J9: =POWER(I9,2) -> 230739.52 | K9: 12044 | L9: =K9-$C$214 -> 11146.96 | M9: =ABS(L9) -> 11146.96 | N9: =POWER(M9,2) -> 1.2425471e+08 | O9: 9.68 | P9: =O9-$C$215 -> -0.38919192 | Q9: =ABS(P9) -> 0.38919192 | R9: =POWER(Q9,2) -> 0.15147035
A10: 4 | B10: 1 | C10: 38900 | D10: =C10-$C$212 -> 36092.167 | E10: =ABS(D10) -> 36092.167 | F10: =POWER(E10,2) -> 1.3026445e+09 | G10: 478 | H10: =G10-$C$213 -> 441.35354 | I10: =ABS(H10) -> 441.35354 | J10: =POWER(I10,2) -> 194792.94 | K10: 10807 | L10: =K10-$C$214 -> 9909.9596 | M10: =ABS(L10) -> 9909.9596 | N10: =POWER(M10,2) -> 98207299 | O10: 9.86 | P10: =O10-$C$215 -> -0.20919192 | Q10: =ABS(P10) -> 0.20919192 | R10: =POWER(Q10,2) -> 0.043761259
A11: 6 | B11: 1 | C11: 29200 | D11: =C11-$C$212 -> 26392.167 | E11: =ABS(D11) -> 26392.167 | F11: =POWER(E11,2) -> 6.9654646e+08 | G11: 398 | H11: =G11-$C$213 -> 361.35354 | I11: =ABS(H11) -> 361.35354 | J11: =POWER(I11,2) -> 130576.38 | K11: 10500 | L11: =K11-$C$214 -> 9602.9596 | M11: =ABS(L11) -> 9602.9596 | N11: =POWER(M11,2) -> 92216833 | O11: 7.62 | P11: =O11-$C$215 -> -2.4491919 | Q11: =ABS(P11) -> 2.4491919 | R11: =POWER(Q11,2) -> 5.9985411
A12: 10 | B12: 1 | C12: 22645 | D12: =C12-$C$212 -> 19837.167 | E12: =ABS(D12) -> 19837.167 | F12: =POWER(E12,2) -> 3.9351318e+08 | G12: 371 | H12: =G12-$C$213 -> 334.35354 | I12: =ABS(H12) -> 334.35354 | J12: =POWER(I12,2) -> 111792.29 | K12: 8410 | L12: =K12-$C$214 -> 7512.9596 | M12: =ABS(L12) -> 7512.9596 | N12: =POWER(M12,2) -> 56444562 | O12: 7.38 | P12: =O12-$C$215 -> -2.6891919 | Q12: =ABS(P12) -> 2.6891919 | R12: =POWER(Q12,2) -> 7.2317532
A13: 12 | B13: 1 | C13: 20449 | D13: =C13-$C$212 -> 17641.167 | E13: =ABS(D13) -> 17641.167 | F13: =POWER(E13,2) -> 3.1121076e+08 | G13: 287 | H13: =G13-$C$213 -> 250.35354 | I13: =ABS(H13) -> 250.35354 | J13: =POWER(I13,2) -> 62676.893 | K13: 8225 | L13: =K13-$C$214 -> 7327.9596 | M13: =ABS(L13) -> 7327.9596 | N13: =POWER(M13,2) -> 53698992 | O13: 6.81 | P13: =O13-$C$215 -> -3.2591919 | Q13: =ABS(P13) -> 3.2591919 | R13: =POWER(Q13,2) -> 10.622332
A14: 14 | B14: 1 | C14: 19600 | D14: =C14-$C$212 -> 16792.167 | E14: =ABS(D14) -> 16792.167 | F14: =POWER(E14,2) -> 2.8197686e+08 | G14: 459 | H14: =G14-$C$213 -> 422.35354 | I14: =ABS(H14) -> 422.35354 | J14: =POWER(I14,2) -> 178382.51 | K14: 10030 | L14: =K14-$C$214 -> 9132.9596 | M14: =ABS(L14) -> 9132.9596 | N14: =POWER(M14,2) -> 83410951 | O14: 5.35 | P14: =O14-$C$215 -> -4.7191919 | Q14: =ABS(P14) -> 4.7191919 | R14: =POWER(Q14,2) -> 22.270772
A15: 9 | B15: 1 | C15: 14588 | D15: =C15-$C$212 -> 11780.167 | E15: =ABS(D15) -> 11780.167 | F15: =POWER(E15,2) -> 1.3877233e+08 | G15: 279 | H15: =G15-$C$213 -> 242.35354 | I15: =ABS(H15) -> 242.35354 | J15: =POWER(I15,2) -> 58735.236 | K15: 5133 | L15: =K15-$C$214 -> 4235.9596 | M15: =ABS(L15) -> 4235.9596 | N15: =POWER(M15,2) -> 17943354 | O15: 7.79 | P15: =O15-$C$215 -> -2.2791919 | Q15: =ABS(P15) -> 2.2791919 | R15: =POWER(Q15,2) -> 5.1947158
A16: 16 | B16: 3 | C16: 8012 | D16: =C16-$C$212 -> 5204.1667 | E16: =ABS(D16) -> 5204.1667 | F16: =POWER(E16,2) -> 27083351 | G16: 208 | H16: =G16-$C$213 -> 171.35354 | I16: =ABS(H16) -> 171.35354 | J16: =POWER(I16,2) -> 29362.034 | K16: 4860 | L16: =K16-$C$214 -> 3962.9596 | M16: =ABS(L16) -> 3962.9596 | N16: =POWER(M16,2) -> 15705049 | O16: 4.52 | P16: =O16-$C$215 -> -5.5491919 | Q16: =ABS(P16) -> 5.5491919 | R16: =POWER(Q16,2) -> 30.793531
... A202: 133 | B202: 2 | C202: 25 | D202: =C202-$C$212 -> -2782.8333 | E202: =ABS(D202) -> 2782.8333 | F202: =POWER(E202,2) -> 7744161.4 | G202: 0 | H202: =G202-$C$213 -> -36.646465 | I202: =ABS(H202) -> 36.646465 | J202: =POWER(I202,2) -> 1342.9634 | K202: 10 | L202: =K202-$C$214 -> -887.0404 | M202: =ABS(L202) -> 887.0404 | N202: =POWER(M202,2) -> 786840.68 | O202: 6.85 | P202: =O202-$C$215 -> -3.2191919 | Q202: =ABS(P202) -> 3.2191919 | R202: =POWER(Q202,2) -> 10.363197
A203: Итого: | B203: - | C203: =SUM(C5:C202) -> 555951 | D203: - | E203: - | F203: - | G203: =SUM(G5:G202) -> 7256 | H203: - | I203: - | J203: - | K203: =SUM(K5:K202) -> 177614 | L203: - | M203: - | N203: - | O203: - | P203: - | Q203: - | R203: -
A205: Источник: данные ЦДУ ТЭК.
A208: Расчетные значения по нефтегазовым компаниям по категориям производителей по итогам 2018 года
A210: Показатель | C210: Среднее значение | D210: Xmax | E210: Xmin | F210: Амплитуда, R | G210: Q1 | H210: Q3 | I210: Медиана, МЕ | J210: Межквартильный размах, IQR | K210: Среднее линейное отклонение, L | L210: Дисперсия | M210: Среднеквадратическое отклонение, СКО | N210: Коэффициент осциляции (VR), % | O210: Коэффициент линейного отклонения (VL), %
A211: А | B211: Б | C211: 1 | D211: 2 | E211: 3 | F211: 4 | G211: 5 | H211: 6 | I211: 7 | J211: 8 | K211: 9 | L211: 10 | M211: 11 | N211: 12 | O211: 13
A212: Добыча нефти, тыс.т | B212: 1 | C212: =AVERAGE(C5:C202) -> 2807.8333 | D212: =QUARTILE(C5:C202, 4) -> 89620 | E212: =QUARTILE(C5:C202, 0) -> 25 | F212: =D212-E212 -> 89595 | G212: =QUARTILE(C5:C202, 1) -> 153.25 | H212: =QUARTILE(C5:C202, 3) -> 490.75 | I212: =QUARTILE(C5:C202, 2) -> 297.5 | J212: 297,5 (Q1-Q3: 155,3-490,8) | K212: =SUM(E5:E202)/COUNTA(E5:E202) -> 4577.9545 | L212: =SUM(F5:F202)/COUNTA((F5:F202)) -> 1.2865176e+08 | M212: =SQRT(L212) -> 11342.476 | N212: =F212/C212*100 -> 3190.8945 | O212: =K212/C212*100 -> 163.04225
A213: Ввод в эксплуатацию нефтяных скважин, шт. | B213: 2 | C213: =AVERAGE(G5:G202) -> 36.646465 | D213: =QUARTILE(G5:G202, 4) -> 1607 | E213: =QUARTILE(G5:G202, 0) -> 0 | F213: =D213-E213 -> 1607 | G213: =QUARTILE(G5:G202, 1) -> 2 | H213: =QUARTILE(G5:G202, 3) -> 7 | I213: =QUARTILE(G5:G202, 2) -> 4 | J213: 4,0 (Q1-Q3: 2,0-7,0) | K213: =SUM(I5:I202)/COUNTA((I5:I202)) -> 59.710132 | L213: =SUM(J5:J202)/COUNTA(J5:J202) -> 22221.501 | M213: =SQRT(L213) -> 149.06878 | N213: =F213/C213*100 -> 4385.1433 | O213: =K213/C213*100 -> 162.93559
A214: Фонд скважин, шт. | B214: 3 | C214: =AVERAGE(K5:K202) -> 897.0404 | D214: =QUARTILE(K5:K202,4 ) -> 34920 | E214: =QUARTILE(K5:K202,0 ) -> 9 | F214: =D214-E214 -> 34911 | G214: =QUARTILE(K5:K202,1 ) -> 45 | H214: =QUARTILE(K5:K202,3 ) -> 148.75 | I214: =QUARTILE(K5:K202,2 ) -> 76 | J214: 76,0 (Q1-Q3: 45,0-148,8) | K214: =SUM(M5:M202)/COUNTA(M5:M202) -> 1496.2464 | L214: =SUM(N5:N202)/COUNTA(N5:N202) -> 13268891 | M214: =SQRT(L214) -> 3642.6489 | N214: =F214/C214*100 -> 3891.7979 | O214: =K214/C214*100 -> 166.79811
A215: Среднесуточный дебит скважин, т/сут. | B215: 4 | C215: =AVERAGE(O5:O202) -> 10.069192 | D215: =QUARTILE(O5:O202, 4) -> 16.78 | E215: =QUARTILE(O5:O202, 0) -> 2.05 | F215: =D215-E215 -> 14.73 | G215: =QUARTILE(O5:O202, 1) -> 7.7 | H215: =QUARTILE(O5:O202, 3) -> 13.1775 | I215: =QUARTILE(O5:O202, 2) -> 9.68 | J215: 9,7 (Q1-Q3: 7,7-13,2) | K215: =SUM(Q5:Q202)/COUNTA((Q5:Q202)) -> 2.9490256 | L215: =SUM(R5:R202)/COUNTA((R5:R202)) -> 12.587722 | M215: =SQRT(L215) -> 3.5479179 | N215: =F215/C215*100 -> 146.28781 | O215: =K215/C215*100 -> 29.28761
A217: Источник: расчеты автора на основе данных ЦДУ ТЭК
